pepiniere,espece,qte,gouvernorat,latitude,longitude,region_id,matched_region_ar,matched_region_fr
منبت  قمرت,الصنوبر الحلبي,21103,تونس,36.9173042,10.2852531999999,1,تونس,tunis
منبت  قمرت,الكلتوس,1200,تونس,36.9173043,10.2852531999999,1,تونس,tunis
منبت  قمرت,أكاسيا سيينوفيلا,9865,تونس,36.9173044,10.2852531999999,1,تونس,tunis
منبت  قمرت,قطف نميلاريا,12000,تونس,36.9173045,10.2852531999999,1,تونس,tunis
منبت  قمرت,سرول,19519,تونس,36.9173046,10.2852531999999,1,تونس,tunis
منبت  قمرت,كازورينا,2000,تونس,36.9173047,10.2852531999999,1,تونس,tunis
منبت  قمرت,أكاسيا شوكية,18768,تونس,36.9173048,10.2852531999999,1,تونس,tunis
منبت  قمرت,رند,498,تونس,36.9173049,10.2852531999999,1,تونس,tunis
منبت  قمرت,زيتون,2,تونس,36.917305,10.2852531999999,1,تونس,tunis
منبت  قمرت,ابيسكيس,2345,تونس,36.9173051,10.2852531999999,1,تونس,tunis
منبت  قمرت,تكوما,14,تونس,36.9173052,10.2852531999999,1,تونس,tunis
منبت  قمرت,فيزان,200,تونس,36.9173053,10.2852531999999,1,تونس,tunis
منبت  قمرت,دفلة,8921,تونس,36.9173054,10.2852531999999,1,تونس,tunis
منبت  قمرت,فيتاكس,500,تونس,36.9173055,10.2852531999999,1,تونس,tunis
منبت  قمرت,ورد,5,تونس,36.9173056,10.2852531999999,1,تونس,tunis
منبت  قمرت,أوسترنجيا,1000,تونس,36.9173057,10.2852531999999,1,تونس,tunis
منبت  قمرت,جيستسيا,1400,تونس,36.9173058,10.2852531999999,1,تونس,tunis
منبت  قمرت,مرقريت,113,تونس,36.9173059,10.2852531999999,1,تونس,tunis
منبت  قمرت,يوكا,115,تونس,36.917306,10.2852531999999,1,تونس,tunis
منبت  قمرت,جرنيوم,600,تونس,36.9173061,10.2852531999999,1,تونس,tunis
منبت  قمرت,عطرشاء,7907,تونس,36.9173062,10.2852531999999,1,تونس,tunis
منبت  قمرت,قرنفل,48,تونس,36.9173063,10.2852531999999,1,تونس,tunis
منبت  قمرت,زعتر,2484,تونس,36.9173064,10.2852531999999,1,تونس,tunis
منبت  قمرت,قزانيا,12200,تونس,36.9173065,10.2852531999999,1,تونس,tunis
منبت  قمرت,بلامبقو,1124,تونس,36.9173066,10.2852531999999,1,تونس,tunis
منبت  قمرت,بونسيسيا,1142,تونس,36.9173067,10.2852531999999,1,تونس,tunis
منبت  قمرت,بوقنفيلي,5533,تونس,36.9173068,10.2852531999999,1,تونس,tunis
منبت  قمرت,صبار,960,تونس,36.9173069,10.2852531999999,1,تونس,tunis
منبت  قمرت,شيح,2200,تونس,36.917307,10.2852531999999,1,تونس,tunis
منبت  قمرت,ميبروم,15092,تونس,36.9173071,10.2852531999999,1,تونس,tunis
منبت  قمرت,الاكليل,690,تونس,36.9173072,10.2852531999999,1,تونس,tunis
منبت  قمرت,لنتنا,8696,تونس,36.9173073,10.2852531999999,1,تونس,tunis
منبت  قمرت,الصوجا,7416,تونس,36.9173074,10.2852531999999,1,تونس,tunis
منبت  قمرت,الخزامة,150,تونس,36.9173075,10.2852531999999,1,تونس,tunis
منبت  قمرت,شرببو,980,تونس,36.9173076,10.2852531999999,1,تونس,tunis
منبت العقبة,الصنوبر الحلبي,21600,تونس,36.7891144,10.100671,1,تونس,tunis
منبت العقبة,الصنوبر الثمري,1000,تونس,36.7891145,10.100671,1,تونس,tunis
منبت العقبة,الكلتوس,13000,تونس,36.7891146,10.100671,1,تونس,tunis
منبت العقبة,ذرو,460,تونس,36.7891147,10.100671,1,تونس,tunis
منبت العقبة,أكاسيا سيينوفيلا,33500,تونس,36.7891148,10.100671,1,تونس,tunis
منبت العقبة,اكاسيا سيكلوبيكس,2000,تونس,36.7891149,10.100671,1,تونس,tunis
منبت العقبة,قطف نميلاريا,16000,تونس,36.789115,10.100671,1,تونس,tunis
منبت العقبة,رتم,300,تونس,36.7891151,10.100671,1,تونس,tunis
منبت العقبة,سرول,71500,تونس,36.7891152,10.100671,1,تونس,tunis
منبت العقبة,كازورينا,28000,تونس,36.7891153,10.100671,1,تونس,tunis
منبت العقبة,ليسيوم,21500,تونس,36.7891154,10.100671,1,تونس,tunis
منبت العقبة,أكاسيا شوكية,11700,تونس,36.7891155,10.100671,1,تونس,tunis
منبت العقبة,خروب,1000,تونس,36.7891156,10.100671,1,تونس,tunis
منبت العقبة,كرم,50,تونس,36.7891157,10.100671,1,تونس,tunis
منبت العقبة,كبار,100,تونس,36.7891158,10.100671,1,تونس,tunis
منبت العقبة,ابيسكيس,3120,تونس,36.7891159,10.100671,1,تونس,tunis
منبت العقبة,تكوما,400,تونس,36.789116,10.100671,1,تونس,tunis
منبت العقبة,دفلة,3000,تونس,36.7891161,10.100671,1,تونس,tunis
منبت العقبة,ورد,500,تونس,36.7891162,10.100671,1,تونس,tunis
منبت العقبة,أبيتلون,1515,تونس,36.7891163,10.100671,1,تونس,tunis
منبت العقبة,جيستسيا,49,تونس,36.7891164,10.100671,1,تونس,tunis
منبت العقبة,اسبارقيس,85,تونس,36.7891165,10.100671,1,تونس,tunis
منبت العقبة,سوسي,1000,تونس,36.7891166,10.100671,1,تونس,tunis
منبت العقبة,مرقريت,1700,تونس,36.7891167,10.100671,1,تونس,tunis
منبت العقبة,يوكا,441,تونس,36.7891168,10.100671,1,تونس,tunis
منبت العقبة,قزانيا,1100,تونس,36.7891169,10.100671,1,تونس,tunis
منبت العقبة,هنديات,7569,تونس,36.789117,10.100671,1,تونس,tunis
منبت العقبة,بابريس,890,تونس,36.7891171,10.100671,1,تونس,tunis
منبت العقبة,سينترار مارتيم,1300,تونس,36.7891172,10.100671,1,تونس,tunis
منبت العقبة,كلستموم,3455,تونس,36.7891173,10.100671,1,تونس,tunis
منبت العقبة,روزداند,2000,تونس,36.7891174,10.100671,1,تونس,tunis
منبت العقبة,ست مريم,2000,تونس,36.7891175,10.100671,1,تونس,tunis
منبت العقبة,بوقنفيلي,1050,تونس,36.7891176,10.100671,1,تونس,tunis
منبت العقبة,ميبروم,15500,تونس,36.7891177,10.100671,1,تونس,tunis
منبت العقبة,ملالوكا,2225,تونس,36.7891178,10.100671,1,تونس,tunis
منبت العقبة,الاكليل,5000,تونس,36.7891179,10.100671,1,تونس,tunis
منبت العقبة,لنتنا,2650,تونس,36.789118,10.100671,1,تونس,tunis
منبت العقبة,الصوجا,1500,تونس,36.7891181,10.100671,1,تونس,tunis
منبت العقبة,الخزامة,600,تونس,36.7891182,10.100671,1,تونس,tunis
منبت العقبة,شرببو,6900,تونس,36.7891183,10.100671,1,تونس,tunis
منبت سيدي ثابت,الصنوبر الحلبي,64000,أريانة,36.9245069,10.0471549,21,أريانة,ariana
منبت سيدي ثابت,الكلتوس,70,أريانة,36.924507,10.0471549,21,أريانة,ariana
منبت سيدي ثابت,السنط الازرق,10900,أريانة,36.9245071,10.0471549,21,أريانة,ariana
منبت سيدي ثابت,سرول,43000,أريانة,36.9245072,10.0471549,21,أريانة,ariana
منبت سيدي ثابت,كازورينا,19000,أريانة,36.9245073,10.0471549,21,أريانة,ariana
منبت سيدي ثابت,أكاسيا شوكية,6900,أريانة,36.9245074,10.0471549,21,أريانة,ariana
منبت سيدي ثابت,خروب,464,أريانة,36.9245075,10.0471549,21,أريانة,ariana
منبت سيدي ثابت,واشنطونيا,1200,أريانة,36.9245076,10.0471549,21,أريانة,ariana
منبت سيدي ثابت,فيكيس كنارينسيس,30,أريانة,36.9245077,10.0471549,21,أريانة,ariana
منبت سيدي ثابت,فيكيس نتدا,120,أريانة,36.9245078,10.0471549,21,أريانة,ariana
منبت سيدي ثابت,ميليا,76,أريانة,36.9245079,10.0471549,21,أريانة,ariana
منبت سيدي ثابت,تكوما,150,أريانة,36.924508,10.0471549,21,أريانة,ariana
منبت سيدي ثابت,دفلة,100,أريانة,36.9245081,10.0471549,21,أريانة,ariana
منبت سيدي ثابت,ورد,80,أريانة,36.9245082,10.0471549,21,أريانة,ariana
منبت سيدي ثابت,قزانيا,400,أريانة,36.9245083,10.0471549,21,أريانة,ariana
منبت سيدي ثابت,جيستسيا,300,أريانة,36.9245084,10.0471549,21,أريانة,ariana
منبت سيدي ثابت,عرعار,3200,أريانة,36.9245085,10.0471549,21,أريانة,ariana
منبت سيدي ثابت,جيرنيوم,150,أريانة,36.9245086,10.0471549,21,أريانة,ariana
منبت سيدي ثابت,عطرشاء,1400,أريانة,36.9245087,10.0471549,21,أريانة,ariana
منبت سيدي ثابت,تكماريا,300,أريانة,36.9245088,10.0471549,21,أريانة,ariana
منبت سيدي ثابت,بوقنفيلي,30,أريانة,36.9245089,10.0471549,21,أريانة,ariana
منبت  برج العامري,الصنوبر الحلبي,16000,منوبة,36.7118658,9.88226650000001,774,منوبة,mnouba
منبت  برج العامري,الكلتوس,30000,منوبة,36.7118659,9.88226650000001,774,منوبة,mnouba
منبت  برج العامري,السنط الازرق,10000,منوبة,36.711866,9.88226650000001,774,منوبة,mnouba
منبت  برج العامري,فصة شجرية,0,منوبة,36.7118661,9.88226650000001,774,منوبة,mnouba
منبت  برج العامري,سرول,73000,منوبة,36.7118662,9.88226650000001,774,منوبة,mnouba
منبت  برج العامري,كازورينا,0,منوبة,36.7118663,9.88226650000001,774,منوبة,mnouba
منبت  برج العامري,ليسيوم,40000,منوبة,36.7118664,9.88226650000001,774,منوبة,mnouba
منبت  برج العامري,خروب,1500,منوبة,36.7118665,9.88226650000001,774,منوبة,mnouba
منبت  برج العامري,ارقان,100,منوبة,36.7118666,9.88226650000001,774,منوبة,mnouba
منبت  برج العامري,توت,100,منوبة,36.7118667,9.88226650000001,774,منوبة,mnouba
منبت  برج العامري,كبار,500,منوبة,36.7118668,9.88226650000001,774,منوبة,mnouba
منبت  برج العامري,سنتلين,1200,منوبة,36.7118669,9.88226650000001,774,منوبة,mnouba
منبت  برج العامري,نخل,400,منوبة,36.711867,9.88226650000001,774,منوبة,mnouba
منبت  برج العامري,واشنطونيا,600,منوبة,36.7118671,9.88226650000001,774,منوبة,mnouba
منبت  برج العامري,فيكيس بنشي,0,منوبة,36.7118672,9.88226650000001,774,منوبة,mnouba
منبت  برج العامري,فيكيس نتدا,250,منوبة,36.7118673,9.88226650000001,774,منوبة,mnouba
منبت  برج العامري,الدوم,800,منوبة,36.7118674,9.88226650000001,774,منوبة,mnouba
منبت  برج العامري,فلفل اكحل كاذب,300,منوبة,36.7118675,9.88226650000001,774,منوبة,mnouba
منبت  برج العامري,ميليا,0,منوبة,36.7118676,9.88226650000001,774,منوبة,mnouba
منبت  برج العامري,هيبسكيس,450,منوبة,36.7118677,9.88226650000001,774,منوبة,mnouba
منبت  برج العامري,دفلة,1700,منوبة,36.7118678,9.88226650000001,774,منوبة,mnouba
منبت  برج العامري,pomme a caffre,400,منوبة,36.7118679,9.88226650000001,774,منوبة,mnouba
منبت  برج العامري,ورد,0,منوبة,36.711868,9.88226650000001,774,منوبة,mnouba
منبت  برج العامري,جستيسيا,800,منوبة,36.7118681,9.88226650000001,774,منوبة,mnouba
منبت  برج العامري,قزانيا,1200,منوبة,36.7118682,9.88226650000001,774,منوبة,mnouba
منبت  برج العامري,فيجل,600,منوبة,36.7118683,9.88226650000001,774,منوبة,mnouba
منبت  برج العامري,بيتسبروم,1800,منوبة,36.7118684,9.88226650000001,774,منوبة,mnouba
منبت  برج العامري,جرانيوم,1000,منوبة,36.7118685,9.88226650000001,774,منوبة,mnouba
منبت  برج العامري,عطرشاء,800,منوبة,36.7118686,9.88226650000001,774,منوبة,mnouba
منبت  برج العامري,مرتقوش,50,منوبة,36.7118687,9.88226650000001,774,منوبة,mnouba
منبت  برج العامري,فليو,50,منوبة,36.7118688,9.88226650000001,774,منوبة,mnouba
منبت  برج العامري,عنبر,25,منوبة,36.7118689,9.88226650000001,774,منوبة,mnouba
منبت  برج العامري,زعتر أروبي,3000,منوبة,36.711869,9.88226650000001,774,منوبة,mnouba
منبت  برج العامري,زعتر حر,300,منوبة,36.7118691,9.88226650000001,774,منوبة,mnouba
منبت  برج العامري,غياردية,300,منوبة,36.7118692,9.88226650000001,774,منوبة,mnouba
منبت  برج العامري,زعتر ملوك,20,منوبة,36.7118693,9.88226650000001,774,منوبة,mnouba
منبت  برج العامري,سنرار,800,منوبة,36.7118694,9.88226650000001,774,منوبة,mnouba
منبت  برج العامري,هنديات,0,منوبة,36.7118695,9.88226650000001,774,منوبة,mnouba
منبت  برج العامري,ديمورفوتيكا,1800,منوبة,36.7118696,9.88226650000001,774,منوبة,mnouba
منبت  برج العامري,بوقنفيلي,250,منوبة,36.7118697,9.88226650000001,774,منوبة,mnouba
منبت  برج العامري,طير النار,200,منوبة,36.7118698,9.88226650000001,774,منوبة,mnouba
منبت  برج العامري,الاكليل,2600,منوبة,36.7118699,9.88226650000001,774,منوبة,mnouba
منبت  برج العامري,لنتنا,900,منوبة,36.71187,9.88226650000001,774,منوبة,mnouba
منبت  برج العامري,الصوجا,0,منوبة,36.7118701,9.88226650000001,774,منوبة,mnouba
منبت  برج العامري,الخزامة,1500,منوبة,36.7118702,9.88226650000001,774,منوبة,mnouba
منبت الصادقية,الصنوبر الحلبي,10000,منوبة,36.8093284,10.0863269,774,منوبة,mnouba
منبت الصادقية,الكلتوس,2600,منوبة,36.8093285,10.0863269,774,منوبة,mnouba
منبت الصادقية,السنط الازرق,8000,منوبة,36.8093286,10.0863269,774,منوبة,mnouba
منبت الصادقية,فصة شجرية,2000,منوبة,36.8093287,10.0863269,774,منوبة,mnouba
منبت الصادقية,سرول,80000,منوبة,36.8093288,10.0863269,774,منوبة,mnouba
منبت الصادقية,كازورينا,10000,منوبة,36.8093289,10.0863269,774,منوبة,mnouba
منبت الصادقية,ليسيوم,12000,منوبة,36.809329,10.0863269,774,منوبة,mnouba
منبت الصادقية,خروب,500,منوبة,36.8093291,10.0863269,774,منوبة,mnouba
منبت الصادقية,ارقان,0,منوبة,36.8093292,10.0863269,774,منوبة,mnouba
منبت الصادقية,توت,0,منوبة,36.8093293,10.0863269,774,منوبة,mnouba
منبت الصادقية,كبار,0,منوبة,36.8093294,10.0863269,774,منوبة,mnouba
منبت الصادقية,سنتلين,0,منوبة,36.8093295,10.0863269,774,منوبة,mnouba
منبت الصادقية,نخل,0,منوبة,36.8093296,10.0863269,774,منوبة,mnouba
منبت الصادقية,واشنطونيا,0,منوبة,36.8093297,10.0863269,774,منوبة,mnouba
منبت الصادقية,فيكيس بنشي,500,منوبة,36.8093298,10.0863269,774,منوبة,mnouba
منبت الصادقية,فيكيس نتدا,200,منوبة,36.8093299,10.0863269,774,منوبة,mnouba
منبت الصادقية,الدوم,0,منوبة,36.80933,10.0863269,774,منوبة,mnouba
منبت الصادقية,فلفل اكحل كاذب,0,منوبة,36.8093301,10.0863269,774,منوبة,mnouba
منبت الصادقية,ميليا,400,منوبة,36.8093302,10.0863269,774,منوبة,mnouba
منبت الصادقية,هيبسكيس,0,منوبة,36.8093303,10.0863269,774,منوبة,mnouba
منبت الصادقية,دفلة,700,منوبة,36.8093304,10.0863269,774,منوبة,mnouba
منبت الصادقية,pomme a caffre,0,منوبة,36.8093305,10.0863269,774,منوبة,mnouba
منبت الصادقية,ورد,600,منوبة,36.8093306,10.0863269,774,منوبة,mnouba
منبت الصادقية,جستيسيا,1500,منوبة,36.8093307,10.0863269,774,منوبة,mnouba
منبت الصادقية,قزانيا,1000,منوبة,36.8093308,10.0863269,774,منوبة,mnouba
منبت الصادقية,فيجل,0,منوبة,36.8093309,10.0863269,774,منوبة,mnouba
منبت الصادقية,بيتسبروم,3000,منوبة,36.809331,10.0863269,774,منوبة,mnouba
منبت الصادقية,جرانيوم,1500,منوبة,36.8093311,10.0863269,774,منوبة,mnouba
منبت الصادقية,عطرشاء,2000,منوبة,36.8093312,10.0863269,774,منوبة,mnouba
منبت الصادقية,مرتقوش,0,منوبة,36.8093313,10.0863269,774,منوبة,mnouba
منبت الصادقية,فليو,0,منوبة,36.8093314,10.0863269,774,منوبة,mnouba
منبت الصادقية,عنبر,600,منوبة,36.8093315,10.0863269,774,منوبة,mnouba
منبت الصادقية,زعتر أروبي,0,منوبة,36.8093316,10.0863269,774,منوبة,mnouba
منبت الصادقية,زعتر حر,0,منوبة,36.8093317,10.0863269,774,منوبة,mnouba
منبت الصادقية,غياردية,0,منوبة,36.8093318,10.0863269,774,منوبة,mnouba
منبت الصادقية,زعتر ملوك,0,منوبة,36.8093319,10.0863269,774,منوبة,mnouba
منبت الصادقية,سنرار,800,منوبة,36.809332,10.0863269,774,منوبة,mnouba
منبت الصادقية,هنديات,500,منوبة,36.8093321,10.0863269,774,منوبة,mnouba
منبت الصادقية,ديمورفوتيكا,0,منوبة,36.8093322,10.0863269,774,منوبة,mnouba
منبت الصادقية,بوقنفيلي,30,منوبة,36.8093323,10.0863269,774,منوبة,mnouba
منبت الصادقية,طير النار,0,منوبة,36.8093324,10.0863269,774,منوبة,mnouba
منبت الصادقية,الاكليل,1000,منوبة,36.8093325,10.0863269,774,منوبة,mnouba
منبت الصادقية,لنتنا,0,منوبة,36.8093326,10.0863269,774,منوبة,mnouba
منبت الصادقية,الصوجا,500,منوبة,36.8093327,10.0863269,774,منوبة,mnouba
منبت الصادقية,الخزامة,0,منوبة,36.8093328,10.0863269,774,منوبة,mnouba
منبت مرناق,الصنوبر الحلبي,117000,بن عروس,36.6852895,10.2880580999999,19,بن عروس,ben arous
منبت مرناق,الكلتوس,250,بن عروس,36.6852896,10.2880580999999,19,بن عروس,ben arous
منبت مرناق,السنط الازرق,20000,بن عروس,36.6852897,10.2880580999999,19,بن عروس,ben arous
منبت مرناق,قطف هليميس,0,بن عروس,36.6852898,10.2880580999999,19,بن عروس,ben arous
منبت مرناق,سرول,53000,بن عروس,36.6852899,10.2880580999999,19,بن عروس,ben arous
منبت مرناق,كازورينا,8000,بن عروس,36.68529,10.2880580999999,19,بن عروس,ben arous
منبت مرناق,أكاسيا شوكية,5000,بن عروس,36.6852901,10.2880580999999,19,بن عروس,ben arous
منبت مرناق,خروب,700,بن عروس,36.6852902,10.2880580999999,19,بن عروس,ben arous
منبت مرناق,فيكيس,10,بن عروس,36.6852903,10.2880580999999,19,بن عروس,ben arous
منبت مرناق,ميليا,0,بن عروس,36.6852904,10.2880580999999,19,بن عروس,ben arous
منبت مرناق,ابيسكيس,50,بن عروس,36.6852905,10.2880580999999,19,بن عروس,ben arous
منبت مرناق,دفلة,0,بن عروس,36.6852906,10.2880580999999,19,بن عروس,ben arous
منبت مرناق,ورد,0,بن عروس,36.6852907,10.2880580999999,19,بن عروس,ben arous
منبت مرناق,زيزفون,30,بن عروس,36.6852908,10.2880580999999,19,بن عروس,ben arous
منبت مرناق,جيستسيا,300,بن عروس,36.6852909,10.2880580999999,19,بن عروس,ben arous
منبت مرناق,مالفسيكس,0,بن عروس,36.685291,10.2880580999999,19,بن عروس,ben arous
منبت مرناق,جرنيوم,800,بن عروس,36.6852911,10.2880580999999,19,بن عروس,ben arous
منبت مرناق,عطرشاء,0,بن عروس,36.6852912,10.2880580999999,19,بن عروس,ben arous
منبت مرناق,قزانيا,0,بن عروس,36.6852913,10.2880580999999,19,بن عروس,ben arous
منبت مرناق,بوقنفيلي,100,بن عروس,36.6852914,10.2880580999999,19,بن عروس,ben arous
منبت مرناق,ميبروم,500,بن عروس,36.6852915,10.2880580999999,19,بن عروس,ben arous
منبت مرناق,الاكليل,100,بن عروس,36.6852916,10.2880580999999,19,بن عروس,ben arous
منبت مرناق,لنتنا,500,بن عروس,36.6852917,10.2880580999999,19,بن عروس,ben arous
منبت مرناق,الصوجا,0,بن عروس,36.6852918,10.2880580999999,19,بن عروس,ben arous
منبت بو ستيتة,الصنوبر الحلبي,0,بن عروس,36.5288819,10.3115037,19,بن عروس,ben arous
منبت بو ستيتة,الكلتوس,0,بن عروس,36.528882,10.3115038,19,بن عروس,ben arous
منبت بو ستيتة,السنط الازرق,30000,بن عروس,36.5288821,10.3115039,19,بن عروس,ben arous
منبت بو ستيتة,قطف هليميس,0,بن عروس,36.5288822,10.311504,19,بن عروس,ben arous
منبت بو ستيتة,سرول,0,بن عروس,36.5288823,10.3115041,19,بن عروس,ben arous
منبت بو ستيتة,كازورينا,0,بن عروس,36.5288824,10.3115042,19,بن عروس,ben arous
منبت بو ستيتة,أكاسيا شوكية,28000,بن عروس,36.5288825,10.3115043,19,بن عروس,ben arous
منبت بو ستيتة,خروب,0,بن عروس,36.5288826,10.3115044,19,بن عروس,ben arous
منبت بو ستيتة,فيكيس,0,بن عروس,36.5288827,10.3115045,19,بن عروس,ben arous
منبت بو ستيتة,ميليا,0,بن عروس,36.5288828,10.3115046,19,بن عروس,ben arous
منبت بو ستيتة,ابيسكيس,0,بن عروس,36.5288829,10.3115047,19,بن عروس,ben arous
منبت بو ستيتة,دفلة,0,بن عروس,36.528883,10.3115048,19,بن عروس,ben arous
منبت بو ستيتة,ورد,0,بن عروس,36.5288831,10.3115049,19,بن عروس,ben arous
منبت بو ستيتة,زيزفون,0,بن عروس,36.5288832,10.311505,19,بن عروس,ben arous
منبت بو ستيتة,جيستسيا,0,بن عروس,36.5288833,10.3115051,19,بن عروس,ben arous
منبت بو ستيتة,مالفسيكس,0,بن عروس,36.5288834,10.3115052,19,بن عروس,ben arous
منبت بو ستيتة,جرنيوم,0,بن عروس,36.5288835,10.3115053,19,بن عروس,ben arous
منبت بو ستيتة,عطرشاء,0,بن عروس,36.5288836,10.3115054,19,بن عروس,ben arous
منبت بو ستيتة,قزانيا,0,بن عروس,36.5288837,10.3115055,19,بن عروس,ben arous
منبت بو ستيتة,بوقنفيلي,0,بن عروس,36.5288838,10.3115056,19,بن عروس,ben arous
منبت بو ستيتة,ميبروم,0,بن عروس,36.5288839,10.3115057,19,بن عروس,ben arous
منبت بو ستيتة,الاكليل,0,بن عروس,36.528884,10.3115058,19,بن عروس,ben arous
منبت بو ستيتة,لنتنا,0,بن عروس,36.5288841,10.3115059,19,بن عروس,ben arous
منبت بو ستيتة,الصوجا,0,بن عروس,36.5288842,10.311506,19,بن عروس,ben arous
منبت رادس,الصنوبر الحلبي,37864,بن عروس,36.7715983999999,10.2768387999999,19,بن عروس,ben arous
منبت رادس,الكلتوس,4315,بن عروس,36.7715983999999,10.2768387999999,19,بن عروس,ben arous
منبت رادس,السنط الازرق,27892,بن عروس,36.7715983999999,10.2768387999999,19,بن عروس,ben arous
منبت رادس,قطف هليميس,1100,بن عروس,36.7715983999999,10.2768387999999,19,بن عروس,ben arous
منبت رادس,سرول,30505,بن عروس,36.7715983999999,10.2768387999999,19,بن عروس,ben arous
منبت رادس,كازورينا,17600,بن عروس,36.7715983999999,10.2768387999999,19,بن عروس,ben arous
منبت رادس,أكاسيا شوكية,8411,بن عروس,36.7715983999999,10.2768387999999,19,بن عروس,ben arous
منبت رادس,خروب,0,بن عروس,36.7715983999999,10.2768387999999,19,بن عروس,ben arous
منبت رادس,فيكيس,379,بن عروس,36.7715983999999,10.2768387999999,19,بن عروس,ben arous
منبت رادس,ميليا,1045,بن عروس,36.7715983999999,10.2768387999999,19,بن عروس,ben arous
منبت رادس,ابيسكيس,0,بن عروس,36.7715983999999,10.2768387999999,19,بن عروس,ben arous
منبت رادس,دفلة,3879,بن عروس,36.7715983999999,10.2768387999999,19,بن عروس,ben arous
منبت رادس,ورد,513,بن عروس,36.7715983999999,10.2768387999999,19,بن عروس,ben arous
منبت رادس,زيزفون,0,بن عروس,36.7715983999999,10.2768387999999,19,بن عروس,ben arous
منبت رادس,جيستسيا,0,بن عروس,36.7715983999999,10.2768387999999,19,بن عروس,ben arous
منبت رادس,مالفسيكس,6173,بن عروس,36.7715983999999,10.2768387999999,19,بن عروس,ben arous
منبت رادس,جرنيوم,3241,بن عروس,36.7715983999999,10.2768387999999,19,بن عروس,ben arous
منبت رادس,عطرشاء,4916,بن عروس,36.7715983999999,10.2768387999999,19,بن عروس,ben arous
منبت رادس,قزانيا,5389,بن عروس,36.7715983999999,10.2768387999999,19,بن عروس,ben arous
منبت رادس,بوقنفيلي,700,بن عروس,36.7715983999999,10.2768387999999,19,بن عروس,ben arous
منبت رادس,ميبروم,5530,بن عروس,36.7715983999999,10.2768387999999,19,بن عروس,ben arous
منبت رادس,الاكليل,7275,بن عروس,36.7715983999999,10.2768387999999,19,بن عروس,ben arous
منبت رادس,لنتنا,3891,بن عروس,36.7715983999999,10.2768387999999,19,بن عروس,ben arous
منبت رادس,الصوجا,2566,بن عروس,36.7715983999999,10.2768387999999,19,بن عروس,ben arous
منبت زغوان,الصنوبر الحلبي,120000,زغوان,36.4091188,10.1423171999999,318,زغوان,zghouan
منبت زغوان,الكالتوس,0,زغوان,36.4091189,10.1423171999999,318,زغوان,zghouan
منبت زغوان,أكاسيا سيانو,58500,زغوان,36.409119,10.1423171999999,318,زغوان,zghouan
منبت زغوان,سرول,78000,زغوان,36.4091191,10.1423171999999,318,زغوان,zghouan
منبت زغوان,كازورينا,132000,زغوان,36.4091192,10.1423171999999,318,زغوان,zghouan
منبت زغوان,ليسيوم,3200,زغوان,36.4091193,10.1423171999999,318,زغوان,zghouan
منبت زغوان,أكاسيا شوكية,4000,زغوان,36.4091194,10.1423171999999,318,زغوان,zghouan
منبت زغوان,خروب,2800,زغوان,36.4091195,10.1423171999999,318,زغوان,zghouan
منبت زغوان,نخل,0,زغوان,36.4091196,10.1423171999999,318,زغوان,zghouan
منبت زغوان,فيكيس نتدا,100,زغوان,36.4091197,10.1423171999999,318,زغوان,zghouan
منبت زغوان,ميليا,0,زغوان,36.4091198,10.1423171999999,318,زغوان,zghouan
منبت زغوان,دفلة,0,زغوان,36.4091199,10.1423171999999,318,زغوان,zghouan
منبت زغوان,أنواع أخرى,1100,زغوان,36.40912,10.1423171999999,318,زغوان,zghouan
منبت زغوان,جرنيوم,0,زغوان,36.4091201,10.1423171999999,318,زغوان,zghouan
منبت زغوان,ميبروم,0,زغوان,36.4091202,10.1423171999999,318,زغوان,zghouan
منبت زغوان,لنتنا,0,زغوان,36.4091203,10.1423171999999,318,زغوان,zghouan
منبت زغوان,دادونا,0,زغوان,36.4091204,10.1423171999999,318,زغوان,zghouan
منبت جوقار,الصنوبر الحلبي,48000,زغوان,36.2652327,9.94091960000003,318,زغوان,zghouan
منبت جوقار,الكالتوس,400,زغوان,36.2652327,9.94091960000003,318,زغوان,zghouan
منبت جوقار,أكاسيا سيانو,64000,زغوان,36.2652327,9.94091960000003,318,زغوان,zghouan
منبت جوقار,سرول,287000,زغوان,36.2652327,9.94091960000003,318,زغوان,zghouan
منبت جوقار,كازورينا,7300,زغوان,36.2652327,9.94091960000003,318,زغوان,zghouan
منبت جوقار,ليسيوم,0,زغوان,36.2652327,9.94091960000003,318,زغوان,zghouan
منبت جوقار,أكاسيا شوكية,11000,زغوان,36.2652327,9.94091960000003,318,زغوان,zghouan
منبت جوقار,خروب,0,زغوان,36.2652327,9.94091960000003,318,زغوان,zghouan
منبت جوقار,نخل,500,زغوان,36.2652327,9.94091960000003,318,زغوان,zghouan
منبت جوقار,فيكيس نتدا,0,زغوان,36.2652327,9.94091960000003,318,زغوان,zghouan
منبت جوقار,ميليا,0,زغوان,36.2652327,9.94091960000003,318,زغوان,zghouan
منبت جوقار,دفلة,0,زغوان,36.2652327,9.94091960000003,318,زغوان,zghouan
منبت جوقار,أنواع أخرى,1200,زغوان,36.2652327,9.94091960000003,318,زغوان,zghouan
منبت جوقار,جرنيوم,60,زغوان,36.2652327,9.94091960000003,318,زغوان,zghouan
منبت جوقار,ميبروم,30,زغوان,36.2652327,9.94091960000003,318,زغوان,zghouan
منبت جوقار,لنتنا,0,زغوان,36.2652327,9.94091960000003,318,زغوان,zghouan
منبت جوقار,دادونا,1500,زغوان,36.2652327,9.94091960000003,318,زغوان,zghouan
منبت الناظور,الصنوبر الحلبي,22600,زغوان,36.1206242,10.0947231999999,318,زغوان,zghouan
منبت الناظور,الكالتوس,23400,زغوان,36.1206243,10.0947231999999,318,زغوان,zghouan
منبت الناظور,أكاسيا سيانو,24500,زغوان,36.1206244,10.0947231999999,318,زغوان,zghouan
منبت الناظور,سرول,79000,زغوان,36.1206245,10.0947231999999,318,زغوان,zghouan
منبت الناظور,كازورينا,14800,زغوان,36.1206246,10.0947231999999,318,زغوان,zghouan
منبت الناظور,ليسيوم,0,زغوان,36.1206247,10.0947231999999,318,زغوان,zghouan
منبت الناظور,أكاسيا شوكية,6900,زغوان,36.1206248,10.0947231999999,318,زغوان,zghouan
منبت الناظور,خروب,800,زغوان,36.1206249,10.0947231999999,318,زغوان,zghouan
منبت الناظور,نخل,0,زغوان,36.120625,10.0947231999999,318,زغوان,zghouan
منبت الناظور,فيكيس نتدا,0,زغوان,36.1206251,10.0947231999999,318,زغوان,zghouan
منبت الناظور,ميليا,400,زغوان,36.1206252,10.0947231999999,318,زغوان,zghouan
منبت الناظور,دفلة,400,زغوان,36.1206253,10.0947231999999,318,زغوان,zghouan
منبت الناظور,أنواع أخرى,840,زغوان,36.1206254,10.0947231999999,318,زغوان,zghouan
منبت الناظور,جرنيوم,0,زغوان,36.1206255,10.0947231999999,318,زغوان,zghouan
منبت الناظور,ميبروم,4000,زغوان,36.1206256,10.0947231999999,318,زغوان,zghouan
منبت الناظور,لنتنا,0,زغوان,36.1206257,10.0947231999999,318,زغوان,zghouan
منبت الناظور,دادونا,3500,زغوان,36.1206258,10.0947231999999,318,زغوان,zghouan
منبت صواف,الصنوبر الحلبي,25000,زغوان,36.1955821,10.1927388999999,318,زغوان,zghouan
منبت صواف,الكالتوس,9300,زغوان,36.1955822,10.1927388999999,318,زغوان,zghouan
منبت صواف,أكاسيا سيانو,23000,زغوان,36.1955823,10.1927388999999,318,زغوان,zghouan
منبت صواف,سرول,69000,زغوان,36.1955824,10.1927388999999,318,زغوان,zghouan
منبت صواف,كازورينا,4300,زغوان,36.1955825,10.1927388999999,318,زغوان,zghouan
منبت صواف,ليسيوم,0,زغوان,36.1955826,10.1927388999999,318,زغوان,zghouan
منبت صواف,أكاسيا شوكية,36000,زغوان,36.1955827,10.1927388999999,318,زغوان,zghouan
منبت صواف,خروب,600,زغوان,36.1955828,10.1927388999999,318,زغوان,zghouan
منبت صواف,نخل,0,زغوان,36.1955829,10.1927388999999,318,زغوان,zghouan
منبت صواف,فيكيس نتدا,0,زغوان,36.195583,10.1927388999999,318,زغوان,zghouan
منبت صواف,ميليا,600,زغوان,36.1955831,10.1927388999999,318,زغوان,zghouan
منبت صواف,دفلة,0,زغوان,36.1955832,10.1927388999999,318,زغوان,zghouan
منبت صواف,أنواع أخرى,700,زغوان,36.1955833,10.1927388999999,318,زغوان,zghouan
منبت صواف,جرنيوم,0,زغوان,36.1955834,10.1927388999999,318,زغوان,zghouan
منبت صواف,ميبروم,600,زغوان,36.1955835,10.1927388999999,318,زغوان,zghouan
منبت صواف,لنتنا,500,زغوان,36.1955836,10.1927388999999,318,زغوان,zghouan
منبت صواف,دادونا,26000,زغوان,36.1955837,10.1927388999999,318,زغوان,zghouan
منبت عين بوراص(العزيب),الصنوبر الحلبي,46410,بنزرت,37.2112935,9.96587629999999,15,بنزرت,bizerte
منبت عين بوراص(العزيب),الصنوبر الثمري,0,بنزرت,37.2112936,9.96587629999999,15,بنزرت,bizerte
منبت عين بوراص(العزيب),الفرنان,2200,بنزرت,37.2112937,9.96587629999999,15,بنزرت,bizerte
منبت عين بوراص(العزيب),الكلتوس,106872,بنزرت,37.2112938,9.96587629999999,15,بنزرت,bizerte
منبت عين بوراص(العزيب),اكاسيا سيكلوبيس,71550,بنزرت,37.2112939,9.96587629999999,15,بنزرت,bizerte
منبت عين بوراص(العزيب),السنط الازرق,42000,بنزرت,37.211294,9.96587629999999,15,بنزرت,bizerte
منبت عين بوراص(العزيب),سرول,49000,بنزرت,37.2112941,9.96587629999999,15,بنزرت,bizerte
منبت عين بوراص(العزيب),كازورينا,10600,بنزرت,37.2112942,9.96587629999999,15,بنزرت,bizerte
منبت عين بوراص(العزيب),أكاسيا شوكية,10800,بنزرت,37.2112943,9.96587629999999,15,بنزرت,bizerte
منبت عين بوراص(العزيب),خروب,6720,بنزرت,37.2112944,9.96587629999999,15,بنزرت,bizerte
منبت عين بوراص(العزيب),زيتون جالي,NA,بنزرت,37.2112945,9.96587629999999,15,بنزرت,bizerte
منبت عين بوراص(العزيب),جاكرندا,0,بنزرت,37.2112946,9.96587629999999,15,بنزرت,bizerte
منبت عين بوراص(العزيب),لوسيانا,480,بنزرت,37.2112947,9.96587629999999,15,بنزرت,bizerte
منبت عين بوراص(العزيب),نخل,287,بنزرت,37.2112948,9.96587629999999,15,بنزرت,bizerte
منبت عين بوراص(العزيب),فيكيس نتدا,NA,بنزرت,37.2112949,9.96587629999999,15,بنزرت,bizerte
منبت عين بوراص(العزيب),ميليا,48,بنزرت,37.211295,9.96587629999999,15,بنزرت,bizerte
منبت عين بوراص(العزيب),قازانيا,NA,بنزرت,37.2112951,9.96587629999999,15,بنزرت,bizerte
منبت عين بوراص(العزيب),ابيسكيس,NA,بنزرت,37.2112952,9.96587629999999,15,بنزرت,bizerte
منبت عين بوراص(العزيب),دفلة,NA,بنزرت,37.2112953,9.96587629999999,15,بنزرت,bizerte
منبت عين بوراص(العزيب),ورد,1260,بنزرت,37.2112954,9.96587629999999,15,بنزرت,bizerte
منبت عين بوراص(العزيب),ارنج,NA,بنزرت,37.2112955,9.96587629999999,15,بنزرت,bizerte
منبت عين بوراص(العزيب),عطرشاء,NA,بنزرت,37.2112956,9.96587629999999,15,بنزرت,bizerte
منبت عين بوراص(العزيب),بوقنفيلي,NA,بنزرت,37.2112957,9.96587629999999,15,بنزرت,bizerte
منبت عين بوراص(العزيب),بتوسبروم,NA,بنزرت,37.2112958,9.96587629999999,15,بنزرت,bizerte
منبت عين بوراص(العزيب),ميبروم,NA,بنزرت,37.2112959,9.96587629999999,15,بنزرت,bizerte
منبت عين بوراص(العزيب),الاكليل,1350,بنزرت,37.211296,9.96587629999999,15,بنزرت,bizerte
منبت عين بوراص(العزيب),لنتنا,1470,بنزرت,37.2112961,9.96587629999999,15,بنزرت,bizerte
منبت عين بوراص(العزيب),الخزامة,NA,بنزرت,37.2112962,9.96587629999999,15,بنزرت,bizerte
منبت عين بوراص(العزيب),أنواع أخرى,528,بنزرت,37.2112963,9.96587629999999,15,بنزرت,bizerte
منبت الكرنيش,الصنوبر الحلبي,47000,بنزرت,37.3018635,9.86436049999997,15,بنزرت,bizerte
منبت الكرنيش,الصنوبر الثمري,NA,بنزرت,37.3018635,9.86436049999997,15,بنزرت,bizerte
منبت الكرنيش,الفرنان,NA,بنزرت,37.3018636,9.86436049999997,15,بنزرت,bizerte
منبت الكرنيش,الكلتوس,5000,بنزرت,37.3018637,9.86436049999997,15,بنزرت,bizerte
منبت الكرنيش,اكاسيا سيكلوبيس,NA,بنزرت,37.3018638,9.86436049999997,15,بنزرت,bizerte
منبت الكرنيش,السنط الازرق,41000,بنزرت,37.3018639,9.86436049999997,15,بنزرت,bizerte
منبت الكرنيش,سرول,34480,بنزرت,37.301864,9.86436049999997,15,بنزرت,bizerte
منبت الكرنيش,كازورينا,6900,بنزرت,37.3018641,9.86436049999997,15,بنزرت,bizerte
منبت الكرنيش,أكاسيا شوكية,NA,بنزرت,37.3018642,9.86436049999997,15,بنزرت,bizerte
منبت الكرنيش,خروب,NA,بنزرت,37.3018643,9.86436049999997,15,بنزرت,bizerte
منبت الكرنيش,زيتون جالي,4335,بنزرت,37.3018644,9.86436049999997,15,بنزرت,bizerte
منبت الكرنيش,جاكرندا,NA,بنزرت,37.3018645,9.86436049999997,15,بنزرت,bizerte
منبت الكرنيش,لوسيانا,NA,بنزرت,37.3018646,9.86436049999997,15,بنزرت,bizerte
منبت الكرنيش,نخل,516,بنزرت,37.3018647,9.86436049999997,15,بنزرت,bizerte
منبت الكرنيش,فيكيس نتدا,360,بنزرت,37.3018648,9.86436049999997,15,بنزرت,bizerte
منبت الكرنيش,ميليا,NA,بنزرت,37.3018649,9.86436049999997,15,بنزرت,bizerte
منبت الكرنيش,قازانيا,5755,بنزرت,37.301865,9.86436049999997,15,بنزرت,bizerte
منبت الكرنيش,ابيسكيس,3885,بنزرت,37.3018651,9.86436049999997,15,بنزرت,bizerte
منبت الكرنيش,دفلة,1900,بنزرت,37.3018652,9.86436049999997,15,بنزرت,bizerte
منبت الكرنيش,ورد,1185,بنزرت,37.3018653,9.86436049999997,15,بنزرت,bizerte
منبت الكرنيش,ارنج,4500,بنزرت,37.3018654,9.86436049999997,15,بنزرت,bizerte
منبت الكرنيش,عطرشاء,245,بنزرت,37.3018655,9.86436049999997,15,بنزرت,bizerte
منبت الكرنيش,بوقنفيلي,1393,بنزرت,37.3018656,9.86436049999997,15,بنزرت,bizerte
منبت الكرنيش,بتوسبروم,19203,بنزرت,37.3018657,9.86436049999997,15,بنزرت,bizerte
منبت الكرنيش,ميبروم,4253,بنزرت,37.3018658,9.86436049999997,15,بنزرت,bizerte
منبت الكرنيش,الاكليل,2471,بنزرت,37.3018659,9.86436049999997,15,بنزرت,bizerte
منبت الكرنيش,لنتنا,2266,بنزرت,37.301866,9.86436049999997,15,بنزرت,bizerte
منبت الكرنيش,الخزامة,1429,بنزرت,37.3018661,9.86436049999997,15,بنزرت,bizerte
منبت الكرنيش,أنواع أخرى,6852,بنزرت,37.3018662,9.86436049999997,15,بنزرت,bizerte
منبت ماطر,الصنوبر الحلبي,12000,بنزرت,37.0388867,9.66476360000001,15,بنزرت,bizerte
منبت ماطر,الصنوبر الثمري,NA,بنزرت,37.0388868,9.66476360000001,15,بنزرت,bizerte
منبت ماطر,الفرنان,NA,بنزرت,37.0388869,9.66476360000001,15,بنزرت,bizerte
منبت ماطر,الكلتوس,120370,بنزرت,37.038887,9.66476360000001,15,بنزرت,bizerte
منبت ماطر,اكاسيا سيكلوبيس,NA,بنزرت,37.0388871,9.66476360000001,15,بنزرت,bizerte
منبت ماطر,السنط الازرق,21760,بنزرت,37.0388872,9.66476360000001,15,بنزرت,bizerte
منبت ماطر,سرول,141248,بنزرت,37.0388873,9.66476360000001,15,بنزرت,bizerte
منبت ماطر,كازورينا,33342,بنزرت,37.0388874,9.66476360000001,15,بنزرت,bizerte
منبت ماطر,أكاسيا شوكية,9200,بنزرت,37.0388875,9.66476360000001,15,بنزرت,bizerte
منبت ماطر,خروب,NA,بنزرت,37.0388876,9.66476360000001,15,بنزرت,bizerte
منبت ماطر,زيتون جالي,NA,بنزرت,37.0388877,9.66476360000001,15,بنزرت,bizerte
منبت ماطر,جاكرندا,NA,بنزرت,37.0388878,9.66476360000001,15,بنزرت,bizerte
منبت ماطر,لوسيانا,NA,بنزرت,37.0388879,9.66476360000001,15,بنزرت,bizerte
منبت ماطر,نخل,150,بنزرت,37.038888,9.66476360000001,15,بنزرت,bizerte
منبت ماطر,فيكيس نتدا,NA,بنزرت,37.0388881,9.66476360000001,15,بنزرت,bizerte
منبت ماطر,ميليا,NA,بنزرت,37.0388882,9.66476360000001,15,بنزرت,bizerte
منبت ماطر,قازانيا,1000,بنزرت,37.038888300000004,9.66476360000001,15,بنزرت,bizerte
منبت ماطر,ابيسكيس,NA,بنزرت,37.0388884,9.66476360000001,15,بنزرت,bizerte
منبت ماطر,دفلة,200,بنزرت,37.0388885,9.66476360000001,15,بنزرت,bizerte
منبت ماطر,ورد,53,بنزرت,37.0388886,9.66476360000001,15,بنزرت,bizerte
منبت ماطر,ارنج,100,بنزرت,37.0388887,9.66476360000001,15,بنزرت,bizerte
منبت ماطر,عطرشاء,NA,بنزرت,37.0388888,9.66476360000001,15,بنزرت,bizerte
منبت ماطر,بوقنفيلي,NA,بنزرت,37.0388889,9.66476360000001,15,بنزرت,bizerte
منبت ماطر,بتوسبروم,NA,بنزرت,37.038889,9.66476360000001,15,بنزرت,bizerte
منبت ماطر,ميبروم,NA,بنزرت,37.0388891,9.66476360000001,15,بنزرت,bizerte
منبت ماطر,الاكليل,200,بنزرت,37.0388892,9.66476360000001,15,بنزرت,bizerte
منبت ماطر,لنتنا,200,بنزرت,37.0388893,9.66476360000001,15,بنزرت,bizerte
منبت ماطر,الخزامة,NA,بنزرت,37.0388894,9.66476360000001,15,بنزرت,bizerte
منبت ماطر,أنواع أخرى,325,بنزرت,37.0388895,9.66476360000001,15,بنزرت,bizerte
منبت باجة,الصنوبر الحلبي,157500,باجة,36.8625526,9.10134979999998,28,باجة,baja
منبت باجة,الكلتوس,30000,باجة,36.8625527,9.10134979999998,28,باجة,baja
منبت باجة,السنط الازرق,21000,باجة,36.8625528,9.10134979999998,28,باجة,baja
منبت باجة,قطف هليميس,NA,باجة,36.8625529,9.10134979999998,28,باجة,baja
منبت باجة,سرول,40000,باجة,36.862553,9.10134979999998,28,باجة,baja
منبت باجة,كازورينا,7000,باجة,36.8625531,9.10134979999998,28,باجة,baja
منبت باجة,أكاسيا شوكية,NA,باجة,36.8625532,9.10134979999998,28,باجة,baja
منبت باجة,خروب,1000,باجة,36.8625533,9.10134979999998,28,باجة,baja
منبت باجة,جاكرندا,600,باجة,36.8625534,9.10134979999998,28,باجة,baja
منبت باجة,واشنطونيا,1000,باجة,36.8625535,9.10134979999998,28,باجة,baja
منبت باجة,فيكيس,1000,باجة,36.8625536,9.10134979999998,28,باجة,baja
منبت باجة,أنواع أخرى,NA,باجة,36.8625537,9.10134979999998,28,باجة,baja
منبت باجة,ابيسكيس,500,باجة,36.8625538,9.10134979999998,28,باجة,baja
منبت باجة,دفلة,700,باجة,36.8625539,9.10134979999998,28,باجة,baja
منبت باجة,جرنيوم,100,باجة,36.862554,9.10134979999998,28,باجة,baja
منبت باجة,بوقنفيلي,700,باجة,36.8625541,9.10134979999998,28,باجة,baja
منبت باجة,أنواع أخرى,11950,باجة,36.8625542,9.10134979999998,28,باجة,baja
منبت وشتاتة,الصنوبر الحلبي,162000,باجة,36.9505838,8.9963179,28,باجة,baja
منبت وشتاتة,الكلتوس,118125,باجة,36.9505839,8.9963179,28,باجة,baja
منبت وشتاتة,السنط الازرق,48000,باجة,36.950584,8.9963179,28,باجة,baja
منبت وشتاتة,قطف هليميس,NA,باجة,36.9505841,8.9963179,28,باجة,baja
منبت وشتاتة,سرول,175750,باجة,36.9505842,8.9963179,28,باجة,baja
منبت وشتاتة,كازورينا,56250,باجة,36.9505843,8.9963179,28,باجة,baja
منبت وشتاتة,أكاسيا شوكية,80000,باجة,36.9505844,8.9963179,28,باجة,baja
منبت وشتاتة,خروب,8750,باجة,36.9505845,8.9963179,28,باجة,baja
منبت وشتاتة,جاكرندا,NA,باجة,36.9505846,8.9963179,28,باجة,baja
منبت وشتاتة,واشنطونيا,NA,باجة,36.9505847,8.9963179,28,باجة,baja
منبت وشتاتة,فيكيس,NA,باجة,36.9505848,8.9963179,28,باجة,baja
منبت وشتاتة,أنواع أخرى,5600,باجة,36.9505849,8.9963179,28,باجة,baja
منبت وشتاتة,ابيسكيس,NA,باجة,36.950585,8.9963179,28,باجة,baja
منبت وشتاتة,دفلة,400,باجة,36.9505851,8.9963179,28,باجة,baja
منبت وشتاتة,جرنيوم,NA,باجة,36.9505852,8.9963179,28,باجة,baja
منبت وشتاتة,بوقنفيلي,NA,باجة,36.9505853,8.9963179,28,باجة,baja
منبت وشتاتة,أنواع أخرى,NA,باجة,36.9505854,8.9963179,28,باجة,baja
منبت دماين,الصنوبر الحلبي,70000,باجة,36.7730592,9.08475659999999,28,باجة,baja
منبت دماين,الكلتوس,NA,باجة,36.7730593,9.08475659999999,28,باجة,baja
منبت دماين,السنط الازرق,74500,باجة,36.7730594,9.08475659999999,28,باجة,baja
منبت دماين,قطف هليميس,NA,باجة,36.7730595,9.08475659999999,28,باجة,baja
منبت دماين,سرول,NA,باجة,36.7730596,9.08475659999999,28,باجة,baja
منبت دماين,كازورينا,NA,باجة,36.7730597,9.08475659999999,28,باجة,baja
منبت دماين,أكاسيا شوكية,NA,باجة,36.7730598,9.08475659999999,28,باجة,baja
منبت دماين,خروب,2730,باجة,36.7730599,9.08475659999999,28,باجة,baja
منبت دماين,جاكرندا,NA,باجة,36.77306,9.08475659999999,28,باجة,baja
منبت دماين,واشنطونيا,NA,باجة,36.7730601,9.08475659999999,28,باجة,baja
منبت دماين,فيكيس,NA,باجة,36.7730602,9.08475659999999,28,باجة,baja
منبت دماين,أنواع أخرى,NA,باجة,36.7730603,9.08475659999999,28,باجة,baja
منبت دماين,ابيسكيس,NA,باجة,36.7730604,9.08475659999999,28,باجة,baja
منبت دماين,دفلة,NA,باجة,36.7730605,9.08475659999999,28,باجة,baja
منبت دماين,جرنيوم,NA,باجة,36.7730606,9.08475659999999,28,باجة,baja
منبت دماين,بوقنفيلي,NA,باجة,36.7730607,9.08475659999999,28,باجة,baja
منبت دماين,أنواع أخرى,NA,باجة,36.7730608,9.08475659999999,28,باجة,baja
منبت مجاز الباب,الصنوبر الحلبي,26000,باجة,36.6484118,9.61464990000001,28,باجة,baja
منبت مجاز الباب,الكلتوس,9735,باجة,36.6484118,9.61464990000001,28,باجة,baja
منبت مجاز الباب,السنط الازرق,1000,باجة,36.6484118,9.61464990000001,28,باجة,baja
منبت مجاز الباب,قطف هليميس,NA,باجة,36.6484118,9.61464990000001,28,باجة,baja
منبت مجاز الباب,سرول,12930,باجة,36.6484118,9.61464990000001,28,باجة,baja
منبت مجاز الباب,كازورينا,17080,باجة,36.6484118,9.61464990000001,28,باجة,baja
منبت مجاز الباب,أكاسيا شوكية,9900,باجة,36.6484118,9.61464990000001,28,باجة,baja
منبت مجاز الباب,خروب,NA,باجة,36.6484118,9.61464990000001,28,باجة,baja
منبت مجاز الباب,جاكرندا,NA,باجة,36.6484118,9.61464990000001,28,باجة,baja
منبت مجاز الباب,واشنطونيا,NA,باجة,36.6484118,9.61464990000001,28,باجة,baja
منبت مجاز الباب,فيكيس,NA,باجة,36.6484118,9.61464990000001,28,باجة,baja
منبت مجاز الباب,أنواع أخرى,1890,باجة,36.6484118,9.61464990000001,28,باجة,baja
منبت مجاز الباب,ابيسكيس,NA,باجة,36.6484118,9.61464990000001,28,باجة,baja
منبت مجاز الباب,دفلة,NA,باجة,36.6484118,9.61464990000001,28,باجة,baja
منبت مجاز الباب,جرنيوم,NA,باجة,36.6484118,9.61464990000001,28,باجة,baja
منبت مجاز الباب,بوقنفيلي,NA,باجة,36.6484118,9.61464990000001,28,باجة,baja
منبت مجاز الباب,أنواع أخرى,NA,باجة,36.6484118,9.61464990000001,28,باجة,baja
منبت مجاز الباب,الصنوبر الحلبي,28000,باجة,36.6484118,9.61464990000001,28,باجة,baja
منبت مجاز الباب,الكلتوس,5000,باجة,36.6484118,9.61464990000001,28,باجة,baja
منبت مجاز الباب,السنط الازرق,5800,باجة,36.6484118,9.61464990000001,28,باجة,baja
منبت مجاز الباب,قطف هليميس,800,باجة,36.6484118,9.61464990000001,28,باجة,baja
منبت مجاز الباب,سرول,25000,باجة,36.6484118,9.61464990000001,28,باجة,baja
منبت مجاز الباب,كازورينا,20000,باجة,36.6484118,9.61464990000001,28,باجة,baja
منبت مجاز الباب,أكاسيا شوكية,10000,باجة,36.6484118,9.61464990000001,28,باجة,baja
منبت مجاز الباب,خروب,NA,باجة,36.6484118,9.61464990000001,28,باجة,baja
منبت مجاز الباب,جاكرندا,NA,باجة,36.6484118,9.61464990000001,28,باجة,baja
منبت مجاز الباب,واشنطونيا,NA,باجة,36.6484118,9.61464990000001,28,باجة,baja
منبت مجاز الباب,فيكيس,NA,باجة,36.6484118,9.61464990000001,28,باجة,baja
منبت مجاز الباب,أنواع أخرى,2500,باجة,36.6484118,9.61464990000001,28,باجة,baja
منبت مجاز الباب,ابيسكيس,NA,باجة,36.6484118,9.61464990000001,28,باجة,baja
منبت مجاز الباب,دفلة,NA,باجة,36.6484118,9.61464990000001,28,باجة,baja
منبت مجاز الباب,جرنيوم,NA,باجة,36.6484118,9.61464990000001,28,باجة,baja
منبت مجاز الباب,بوقنفيلي,NA,باجة,36.6484118,9.61464990000001,28,باجة,baja
منبت مجاز الباب,أنواع أخرى,NA,باجة,36.6484118,9.61464990000001,28,باجة,baja
منبت الصخيرة,الصنوبر الحلبي,150,جندوبة,36.5072263,8.77565559999993,37,جندوبة,jndouba
منبت الصخيرة,الصنوبر البريسيا,NA,جندوبة,36.5072264,8.77565559999993,37,جندوبة,jndouba
منبت الصخيرة,الفرنان,3500,جندوبة,36.5072265,8.77565559999993,37,جندوبة,jndouba
منبت الصخيرة,الكلتوس,100,جندوبة,36.5072266,8.77565559999993,37,جندوبة,jndouba
منبت الصخيرة,السنط الازرق,2500,جندوبة,36.5072267,8.77565559999993,37,جندوبة,jndouba
منبت الصخيرة,سرول,1500,جندوبة,36.5072268,8.77565559999993,37,جندوبة,jndouba
منبت الصخيرة,كازورينا,NA,جندوبة,36.5072269,8.77565559999993,37,جندوبة,jndouba
منبت الصخيرة,أكاسيا شوكية,3000,جندوبة,36.507227,8.77565559999993,37,جندوبة,jndouba
منبت الصخيرة,أنواع أخرى,0,جندوبة,36.5072271,8.77565559999993,37,جندوبة,jndouba
منبت الصخيرة,أنواع أخرى,810,جندوبة,36.5072272,8.77565559999993,37,جندوبة,jndouba
منبت عين سلطان,الصنوبر الحلبي,86730,جندوبة,36.5072273,8.77565559999993,37,جندوبة,jndouba
منبت عين سلطان,الصنوبر البريسيا,NA,جندوبة,36.5072274,8.77565559999993,37,جندوبة,jndouba
منبت عين سلطان,الفرنان,28400,جندوبة,36.5072275,8.77565559999993,37,جندوبة,jndouba
منبت عين سلطان,الكلتوس,14940,جندوبة,36.5072276,8.77565559999993,37,جندوبة,jndouba
منبت عين سلطان,السنط الازرق,111080,جندوبة,36.5072277,8.77565559999993,37,جندوبة,jndouba
منبت عين سلطان,سرول,27375,جندوبة,36.5072278,8.77565559999993,37,جندوبة,jndouba
منبت عين سلطان,كازورينا,14600,جندوبة,36.5072279,8.77565559999993,37,جندوبة,jndouba
منبت عين سلطان,أكاسيا شوكية,12740,جندوبة,36.507228,8.77565559999993,37,جندوبة,jndouba
منبت عين سلطان,أنواع أخرى,75,جندوبة,36.5072281,8.77565559999993,37,جندوبة,jndouba
منبت عين سلطان,أنواع أخرى,1700,جندوبة,36.5072282,8.77565559999993,37,جندوبة,jndouba
منبت بني مطير,الصنوبر الحلبي,76800,جندوبة,36.5072283,8.77565559999993,37,جندوبة,jndouba
منبت بني مطير,الصنوبر البريسيا,47450,جندوبة,36.5072284,8.77565559999993,37,جندوبة,jndouba
منبت بني مطير,الفرنان,13000,جندوبة,36.5072285,8.77565559999993,37,جندوبة,jndouba
منبت بني مطير,الكلتوس,32300,جندوبة,36.5072286,8.77565559999993,37,جندوبة,jndouba
منبت بني مطير,السنط الازرق,41500,جندوبة,36.5072287,8.77565559999993,37,جندوبة,jndouba
منبت بني مطير,سرول,19500,جندوبة,36.5072288,8.77565559999993,37,جندوبة,jndouba
منبت بني مطير,كازورينا,6900,جندوبة,36.5072289,8.77565559999993,37,جندوبة,jndouba
منبت بني مطير,أكاسيا شوكية,5800,جندوبة,36.507229,8.77565559999993,37,جندوبة,jndouba
منبت بني مطير,أنواع أخرى,600,جندوبة,36.507229100000004,8.77565559999993,37,جندوبة,jndouba
منبت بني مطير,أنواع أخرى,3500,جندوبة,36.5072292,8.77565559999993,37,جندوبة,jndouba
منبت سليانة,الصنوبر الحلبي,999840,سليانة,35.990294,9.27855829999998,770,سليانة,sliana
منبت سليانة,الكلتوس,18402,سليانة,35.990295,9.27855829999998,770,سليانة,sliana
منبت سليانة,السنط الازرق,211652,سليانة,35.990296,9.27855829999998,770,سليانة,sliana
منبت سليانة,قطف هليميس,2315,سليانة,35.990297,9.27855829999998,770,سليانة,sliana
منبت سليانة,سرول,283335,سليانة,35.990298,9.27855829999998,770,سليانة,sliana
منبت سليانة,كازورينا,55960,سليانة,35.990299,9.27855829999998,770,سليانة,sliana
منبت سليانة,ليسيوم,2000,سليانة,35.9903,9.27855829999998,770,سليانة,sliana
منبت سليانة,أكاسيا شوكية,63330,سليانة,35.990301,9.27855829999998,770,سليانة,sliana
منبت سليانة,خروب,19700,سليانة,35.990302,9.27855829999998,770,سليانة,sliana
منبت سليانة,أرنج,2595,سليانة,35.990303,9.27855829999998,770,سليانة,sliana
منبت سليانة,واشنطونيا,1823,سليانة,35.990304,9.27855829999998,770,سليانة,sliana
منبت سليانة,فيكيس,100,سليانة,35.990305,9.27855829999998,770,سليانة,sliana
منبت سليانة,فلفل اكحل كاذب,1000,سليانة,35.990306,9.27855829999998,770,سليانة,sliana
منبت سليانة,دردار,100,سليانة,35.990307,9.27855829999998,770,سليانة,sliana
منبت سليانة,ميليا,150,سليانة,35.990308,9.27855829999998,770,سليانة,sliana
منبت سليانة,شلهب,1152,سليانة,35.990309,9.27855829999998,770,سليانة,sliana
منبت سليانة,سارسيس,835,سليانة,35.99031,9.27855829999998,770,سليانة,sliana
منبت سليانة,نخل,4600,سليانة,35.990311,9.27855829999998,770,سليانة,sliana
منبت سليانة,ورد,675,سليانة,35.990312,9.27855829999998,770,سليانة,sliana
منبت سليانة,لكانيا,6000,سليانة,35.990313,9.27855829999998,770,سليانة,sliana
منبت سليانة,أنواع أخرى,14556,سليانة,35.990314,9.27855829999998,770,سليانة,sliana
منبت سليانة,جرنيوم,579,سليانة,35.990315,9.27855829999998,770,سليانة,sliana
منبت سليانة,ميبروم,6000,سليانة,35.990316,9.27855829999998,770,سليانة,sliana
منبت سليانة,الاكليل,544,سليانة,35.990317,9.27855829999998,770,سليانة,sliana
منبت سليانة,لنتنا,2485,سليانة,35.990318,9.27855829999998,770,سليانة,sliana
منبت برنوصة,الصنوبر الحلبي,21600,الكاف,36.1610781,8.70166940000001,36,الكاف,alkaf
منبت برنوصة,الكلتوس,450,الكاف,36.1610782,8.70166940000001,36,الكاف,alkaf
منبت برنوصة,السنط الازرق,58000,الكاف,36.1610783,8.70166940000001,36,الكاف,alkaf
منبت برنوصة,فصة شجرية,100,الكاف,36.1610784,8.70166940000001,36,الكاف,alkaf
منبت برنوصة,أكاسيا موليسيما,NA,الكاف,36.1610785,8.70166940000001,36,الكاف,alkaf
منبت برنوصة,سرول,73000,الكاف,36.1610786,8.70166940000001,36,الكاف,alkaf
منبت برنوصة,كازورينا,NA,الكاف,36.1610787,8.70166940000001,36,الكاف,alkaf
منبت برنوصة,صفصاف,NA,الكاف,36.1610788,8.70166940000001,36,الكاف,alkaf
منبت برنوصة,أكاسيا شوكية,64000,الكاف,36.1610789,8.70166940000001,36,الكاف,alkaf
منبت برنوصة,خروب,1000,الكاف,36.161079,8.70166940000001,36,الكاف,alkaf
منبت برنوصة,نخيل,NA,الكاف,36.1610791,8.70166940000001,36,الكاف,alkaf
منبت برنوصة,فيكيس نتدا,50,الكاف,36.1610792,8.70166940000001,36,الكاف,alkaf
منبت برنوصة,قليديشيا,4000,الكاف,36.1610793,8.70166940000001,36,الكاف,alkaf
منبت برنوصة,سوفوراجابونكا,5000,الكاف,36.1610794,8.70166940000001,36,الكاف,alkaf
منبت برنوصة,فلفل اكحل كاذب,900,الكاف,36.1610795,8.70166940000001,36,الكاف,alkaf
منبت برنوصة,ميليا,4550,الكاف,36.1610796,8.70166940000001,36,الكاف,alkaf
منبت برنوصة,أرنج,10,الكاف,36.1610797,8.70166940000001,36,الكاف,alkaf
منبت برنوصة,مسك الليل,190,الكاف,36.1610798,8.70166940000001,36,الكاف,alkaf
منبت برنوصة,دفلة,NA,الكاف,36.1610799,8.70166940000001,36,الكاف,alkaf
منبت برنوصة,ورد,800,الكاف,36.16108,8.70166940000001,36,الكاف,alkaf
منبت برنوصة,عرعار,800,الكاف,36.1610801,8.70166940000001,36,الكاف,alkaf
منبت برنوصة,جرنيوم,50,الكاف,36.1610802,8.70166940000001,36,الكاف,alkaf
منبت برنوصة,عطرشاء,50,الكاف,36.1610803,8.70166940000001,36,الكاف,alkaf
منبت برنوصة,فينيفيارج,35,الكاف,36.1610804,8.70166940000001,36,الكاف,alkaf
منبت برنوصة,ست مريم,NA,الكاف,36.1610805,8.70166940000001,36,الكاف,alkaf
منبت برنوصة,يسامين (فل),3000,الكاف,36.1610806,8.70166940000001,36,الكاف,alkaf
منبت برنوصة,بوقنفيلي,120,الكاف,36.1610807,8.70166940000001,36,الكاف,alkaf
منبت برنوصة,ميبروم,4900,الكاف,36.1610808,8.70166940000001,36,الكاف,alkaf
منبت برنوصة,الاكليل,1500,الكاف,36.1610809,8.70166940000001,36,الكاف,alkaf
منبت برنوصة,لنتنا,800,الكاف,36.161081,8.70166940000001,36,الكاف,alkaf
منبت برنوصة,الخزامة,2000,الكاف,36.1610811,8.70166940000001,36,الكاف,alkaf
منبت برنوصة,أم الروبيا,2100,الكاف,36.1610812,8.70166940000001,36,الكاف,alkaf
منبت ملاق,الصنوبر الحلبي,237000,الكاف,36.4261985,8.77019719999998,36,الكاف,alkaf
منبت ملاق,الكلتوس,21900,الكاف,36.4261986,8.77019719999998,36,الكاف,alkaf
منبت ملاق,السنط الازرق,180000,الكاف,36.4261987,8.77019719999998,36,الكاف,alkaf
منبت ملاق,فصة شجرية,8000,الكاف,36.4261988,8.77019719999998,36,الكاف,alkaf
منبت ملاق,أكاسيا موليسيما,400,الكاف,36.4261989,8.77019719999998,36,الكاف,alkaf
منبت ملاق,سرول,32000,الكاف,36.426199,8.77019719999998,36,الكاف,alkaf
منبت ملاق,كازورينا,11800,الكاف,36.4261991,8.77019719999998,36,الكاف,alkaf
منبت ملاق,صفصاف,NA,الكاف,36.4261992,8.77019719999998,36,الكاف,alkaf
منبت ملاق,أكاسيا شوكية,87000,الكاف,36.4261993,8.77019719999998,36,الكاف,alkaf
منبت ملاق,خروب,3700,الكاف,36.4261994,8.77019719999998,36,الكاف,alkaf
منبت ملاق,نخيل,700,الكاف,36.4261995,8.77019719999998,36,الكاف,alkaf
منبت ملاق,فيكيس نتدا,NA,الكاف,36.4261996,8.77019719999998,36,الكاف,alkaf
منبت ملاق,قليديشيا,NA,الكاف,36.4261997,8.77019719999998,36,الكاف,alkaf
منبت ملاق,سوفوراجابونكا,NA,الكاف,36.4261998,8.77019719999998,36,الكاف,alkaf
منبت ملاق,فلفل اكحل كاذب,NA,الكاف,36.4261999,8.77019719999998,36,الكاف,alkaf
منبت ملاق,ميليا,1500,الكاف,36.4262,8.77019719999998,36,الكاف,alkaf
منبت ملاق,أرنج,NA,الكاف,36.4262001,8.77019719999998,36,الكاف,alkaf
منبت ملاق,مسك الليل,NA,الكاف,36.4262002,8.77019719999998,36,الكاف,alkaf
منبت ملاق,دفلة,150,الكاف,36.4262003,8.77019719999998,36,الكاف,alkaf
منبت ملاق,ورد,NA,الكاف,36.4262004,8.77019719999998,36,الكاف,alkaf
منبت ملاق,عرعار,40,الكاف,36.4262005,8.77019719999998,36,الكاف,alkaf
منبت ملاق,جرنيوم,NA,الكاف,36.4262006,8.77019719999998,36,الكاف,alkaf
منبت ملاق,عطرشاء,NA,الكاف,36.4262007,8.77019719999998,36,الكاف,alkaf
منبت ملاق,فينيفيارج,NA,الكاف,36.4262008,8.77019719999998,36,الكاف,alkaf
منبت ملاق,ست مريم,350,الكاف,36.4262009,8.77019719999998,36,الكاف,alkaf
منبت ملاق,يسامين (فل),NA,الكاف,36.426201,8.77019719999998,36,الكاف,alkaf
منبت ملاق,بوقنفيلي,NA,الكاف,36.4262011,8.77019719999998,36,الكاف,alkaf
منبت ملاق,ميبروم,7800,الكاف,36.4262012,8.77019719999998,36,الكاف,alkaf
منبت ملاق,الاكليل,2100,الكاف,36.4262013,8.77019719999998,36,الكاف,alkaf
منبت ملاق,لنتنا,NA,الكاف,36.4262014,8.77019719999998,36,الكاف,alkaf
منبت ملاق,الخزامة,NA,الكاف,36.4262015,8.77019719999998,36,الكاف,alkaf
منبت ملاق,أم الروبيا,NA,الكاف,36.4262016,8.77019719999998,36,الكاف,alkaf
منبت السرس,الصنوبر الحلبي,220000,الكاف,36.0774387,9.02118129999996,36,الكاف,alkaf
منبت السرس,الكلتوس,10000,الكاف,36.0774388,9.02118129999996,36,الكاف,alkaf
منبت السرس,السنط الازرق,150000,الكاف,36.0774389,9.02118129999996,36,الكاف,alkaf
منبت السرس,فصة شجرية,3000,الكاف,36.077439,9.02118129999996,36,الكاف,alkaf
منبت السرس,أكاسيا موليسيما,NA,الكاف,36.0774391,9.02118129999996,36,الكاف,alkaf
منبت السرس,سرول,50000,الكاف,36.0774392,9.02118129999996,36,الكاف,alkaf
منبت السرس,كازورينا,1600,الكاف,36.0774393,9.02118129999996,36,الكاف,alkaf
منبت السرس,صفصاف,30,الكاف,36.0774394,9.02118129999996,36,الكاف,alkaf
منبت السرس,أكاسيا شوكية,18000,الكاف,36.0774395,9.02118129999996,36,الكاف,alkaf
منبت السرس,خروب,NA,الكاف,36.0774396,9.02118129999996,36,الكاف,alkaf
منبت السرس,نخيل,NA,الكاف,36.0774397,9.02118129999996,36,الكاف,alkaf
منبت السرس,فيكيس نتدا,NA,الكاف,36.0774398,9.02118129999996,36,الكاف,alkaf
منبت السرس,قليديشيا,NA,الكاف,36.0774399,9.02118129999996,36,الكاف,alkaf
منبت السرس,سوفوراجابونكا,NA,الكاف,36.07744,9.02118129999996,36,الكاف,alkaf
منبت السرس,فلفل اكحل كاذب,1200,الكاف,36.0774401,9.02118129999996,36,الكاف,alkaf
منبت السرس,ميليا,800,الكاف,36.0774402,9.02118129999996,36,الكاف,alkaf
منبت السرس,أرنج,NA,الكاف,36.0774403,9.02118129999996,36,الكاف,alkaf
منبت السرس,مسك الليل,NA,الكاف,36.0774404,9.02118129999996,36,الكاف,alkaf
منبت السرس,دفلة,NA,الكاف,36.0774405,9.02118129999996,36,الكاف,alkaf
منبت السرس,ورد,NA,الكاف,36.0774406,9.02118129999996,36,الكاف,alkaf
منبت السرس,عرعار,NA,الكاف,36.0774407,9.02118129999996,36,الكاف,alkaf
منبت السرس,جرنيوم,NA,الكاف,36.0774408,9.02118129999996,36,الكاف,alkaf
منبت السرس,عطرشاء,NA,الكاف,36.0774409,9.02118129999996,36,الكاف,alkaf
منبت السرس,فينيفيارج,NA,الكاف,36.077441,9.02118129999996,36,الكاف,alkaf
منبت السرس,ست مريم,NA,الكاف,36.0774411,9.02118129999996,36,الكاف,alkaf
منبت السرس,يسامين (فل),NA,الكاف,36.0774412,9.02118129999996,36,الكاف,alkaf
منبت السرس,بوقنفيلي,NA,الكاف,36.0774413,9.02118129999996,36,الكاف,alkaf
منبت السرس,ميبروم,7500,الكاف,36.0774414,9.02118129999996,36,الكاف,alkaf
منبت السرس,الاكليل,NA,الكاف,36.0774415,9.02118129999996,36,الكاف,alkaf
منبت السرس,لنتنا,NA,الكاف,36.0774416,9.02118129999996,36,الكاف,alkaf
منبت السرس,الخزامة,NA,الكاف,36.0774417,9.02118129999996,36,الكاف,alkaf
منبت السرس,أم الروبيا,NA,الكاف,36.0774418,9.02118129999996,36,الكاف,alkaf
منبت القلعة الخصبة,الصنوبر الحلبي,37000,الكاف,35.657633,8.58858580000003,36,الكاف,alkaf
منبت القلعة الخصبة,الكلتوس,200,الكاف,35.657634,8.58858580000003,36,الكاف,alkaf
منبت القلعة الخصبة,السنط الازرق,58000,الكاف,35.657635,8.58858580000003,36,الكاف,alkaf
منبت القلعة الخصبة,فصة شجرية,100,الكاف,35.657636,8.58858580000003,36,الكاف,alkaf
منبت القلعة الخصبة,أكاسيا موليسيما,NA,الكاف,35.657637,8.58858580000003,36,الكاف,alkaf
منبت القلعة الخصبة,سرول,10000,الكاف,35.657638,8.58858580000003,36,الكاف,alkaf
منبت القلعة الخصبة,كازورينا,1400,الكاف,35.657639,8.58858580000003,36,الكاف,alkaf
منبت القلعة الخصبة,صفصاف,NA,الكاف,35.65764,8.58858580000003,36,الكاف,alkaf
منبت القلعة الخصبة,أكاسيا شوكية,6400,الكاف,35.657641,8.58858580000003,36,الكاف,alkaf
منبت القلعة الخصبة,خروب,NA,الكاف,35.657642,8.58858580000003,36,الكاف,alkaf
منبت القلعة الخصبة,نخيل,NA,الكاف,35.657643,8.58858580000003,36,الكاف,alkaf
منبت القلعة الخصبة,فيكيس نتدا,NA,الكاف,35.657644,8.58858580000003,36,الكاف,alkaf
منبت القلعة الخصبة,قليديشيا,NA,الكاف,35.657645,8.58858580000003,36,الكاف,alkaf
منبت القلعة الخصبة,سوفوراجابونكا,NA,الكاف,35.657646,8.58858580000003,36,الكاف,alkaf
منبت القلعة الخصبة,فلفل اكحل كاذب,NA,الكاف,35.657647,8.58858580000003,36,الكاف,alkaf
منبت القلعة الخصبة,ميليا,NA,الكاف,35.657648,8.58858580000003,36,الكاف,alkaf
منبت القلعة الخصبة,أرنج,NA,الكاف,35.657649,8.58858580000003,36,الكاف,alkaf
منبت القلعة الخصبة,مسك الليل,NA,الكاف,35.65765,8.58858580000003,36,الكاف,alkaf
منبت القلعة الخصبة,دفلة,NA,الكاف,35.657651,8.58858580000003,36,الكاف,alkaf
منبت القلعة الخصبة,ورد,NA,الكاف,35.657652,8.58858580000003,36,الكاف,alkaf
منبت القلعة الخصبة,عرعار,NA,الكاف,35.657653,8.58858580000003,36,الكاف,alkaf
منبت القلعة الخصبة,جرنيوم,NA,الكاف,35.657654,8.58858580000003,36,الكاف,alkaf
منبت القلعة الخصبة,عطرشاء,NA,الكاف,35.657655,8.58858580000003,36,الكاف,alkaf
منبت القلعة الخصبة,فينيفيارج,NA,الكاف,35.657656,8.58858580000003,36,الكاف,alkaf
منبت القلعة الخصبة,ست مريم,NA,الكاف,35.657657,8.58858580000003,36,الكاف,alkaf
منبت القلعة الخصبة,يسامين (فل),NA,الكاف,35.657658,8.58858580000003,36,الكاف,alkaf
منبت القلعة الخصبة,بوقنفيلي,NA,الكاف,35.657659,8.58858580000003,36,الكاف,alkaf
منبت القلعة الخصبة,ميبروم,NA,الكاف,35.65766,8.58858580000003,36,الكاف,alkaf
منبت القلعة الخصبة,الاكليل,NA,الكاف,35.657661,8.58858580000003,36,الكاف,alkaf
منبت القلعة الخصبة,لنتنا,NA,الكاف,35.657662,8.58858580000003,36,الكاف,alkaf
منبت القلعة الخصبة,الخزامة,NA,الكاف,35.657663,8.58858580000003,36,الكاف,alkaf
منبت القلعة الخصبة,أم الروبيا,NA,الكاف,35.657664,8.58858580000003,36,الكاف,alkaf
منبت القصرين,الصنوبر الحلبي,304000,القصرين,35.0809148,8.66005859999995,18,القصرين,kasserine
منبت القصرين,الكلتوس,NA,القصرين,35.0809149,8.66005859999995,18,القصرين,kasserine
منبت القصرين,السنط الازرق,30000,القصرين,35.080915,8.66005859999995,18,القصرين,kasserine
منبت القصرين,قطف نميلاريا,6400,القصرين,35.0809151,8.66005859999995,18,القصرين,kasserine
منبت القصرين,سرول,180000,القصرين,35.0809152,8.66005859999995,18,القصرين,kasserine
منبت القصرين,كازورينا,2000,القصرين,35.0809153,8.66005859999995,18,القصرين,kasserine
منبت القصرين,أكاسيا شوكية,60000,القصرين,35.0809154,8.66005859999995,18,القصرين,kasserine
منبت القصرين,خروب,20700,القصرين,35.0809155,8.66005859999995,18,القصرين,kasserine
منبت القصرين,اروكاربا,NA,القصرين,35.0809156,8.66005859999995,18,القصرين,kasserine
منبت القصرين,واشنطونيا,17500,القصرين,35.0809157,8.66005859999995,18,القصرين,kasserine
منبت القصرين,فيكيس,2000,القصرين,35.0809158,8.66005859999995,18,القصرين,kasserine
منبت القصرين,فلفل اكحل كاذب,17500,القصرين,35.0809159,8.66005859999995,18,القصرين,kasserine
منبت القصرين,ميليا,4000,القصرين,35.080916,8.66005859999995,18,القصرين,kasserine
منبت القصرين,أنواع أخرى,1000,القصرين,35.0809161,8.66005859999995,18,القصرين,kasserine
منبت القصرين,ابيسكيس,400,القصرين,35.0809162,8.66005859999995,18,القصرين,kasserine
منبت القصرين,دفلة,1500,القصرين,35.0809163,8.66005859999995,18,القصرين,kasserine
منبت القصرين,ورد,NA,القصرين,35.0809164,8.66005859999995,18,القصرين,kasserine
منبت القصرين,لكانيا,1000,القصرين,35.0809165,8.66005859999995,18,القصرين,kasserine
منبت القصرين,ألتيا,400,القصرين,35.0809166,8.66005859999995,18,القصرين,kasserine
منبت القصرين,جيستسيا,400,القصرين,35.0809167,8.66005859999995,18,القصرين,kasserine
منبت القصرين,جرنيوم,800,القصرين,35.0809168,8.66005859999995,18,القصرين,kasserine
منبت القصرين,مردقوش,2000,القصرين,35.0809169,8.66005859999995,18,القصرين,kasserine
منبت القصرين,أنواع أخرى,NA,القصرين,35.080917,8.66005859999995,18,القصرين,kasserine
منبت القصرين,ميبروم,10000,القصرين,35.0809171,8.66005859999995,18,القصرين,kasserine
منبت القصرين,الاكليل,1500,القصرين,35.0809172,8.66005859999995,18,القصرين,kasserine
منبت القصرين,لنتنا,400,القصرين,35.0809173,8.66005859999995,18,القصرين,kasserine
منبت تالة,الصنوبر الحلبي,70000,القصرين,35.5830379999999,8.667192,18,القصرين,kasserine
منبت تالة,الكلتوس,2000,القصرين,35.5830379999999,8.667193,18,القصرين,kasserine
منبت تالة,السنط الازرق,9000,القصرين,35.5830379999999,8.667194,18,القصرين,kasserine
منبت تالة,قطف نميلاريا,NA,القصرين,35.5830379999999,8.667195,18,القصرين,kasserine
منبت تالة,سرول,60000,القصرين,35.5830379999999,8.667196,18,القصرين,kasserine
منبت تالة,كازورينا,10000,القصرين,35.5830379999999,8.667197,18,القصرين,kasserine
منبت تالة,أكاسيا شوكية,20000,القصرين,35.5830379999999,8.667198,18,القصرين,kasserine
منبت تالة,خروب,NA,القصرين,35.5830379999999,8.667199,18,القصرين,kasserine
منبت تالة,اروكاربا,1000,القصرين,35.5830379999999,8.6672,18,القصرين,kasserine
منبت تالة,واشنطونيا,300,القصرين,35.5830379999999,8.667201,18,القصرين,kasserine
منبت تالة,فيكيس,NA,القصرين,35.5830379999999,8.667202,18,القصرين,kasserine
منبت تالة,فلفل اكحل كاذب,30000,القصرين,35.5830379999999,8.667203,18,القصرين,kasserine
منبت تالة,ميليا,2500,القصرين,35.5830379999999,8.667204,18,القصرين,kasserine
منبت تالة,أنواع أخرى,1500,القصرين,35.5830379999999,8.667205,18,القصرين,kasserine
منبت تالة,ابيسكيس,NA,القصرين,35.5830379999999,8.667206,18,القصرين,kasserine
منبت تالة,دفلة,2500,القصرين,35.5830379999999,8.667207,18,القصرين,kasserine
منبت تالة,ورد,7000,القصرين,35.5830379999999,8.667208,18,القصرين,kasserine
منبت تالة,لكانيا,NA,القصرين,35.5830379999999,8.667209,18,القصرين,kasserine
منبت تالة,ألتيا,NA,القصرين,35.5830379999999,8.66721,18,القصرين,kasserine
منبت تالة,جيستسيا,NA,القصرين,35.5830379999999,8.667211,18,القصرين,kasserine
منبت تالة,جرنيوم,NA,القصرين,35.5830379999999,8.667212,18,القصرين,kasserine
منبت تالة,مردقوش,NA,القصرين,35.5830379999999,8.667213,18,القصرين,kasserine
منبت تالة,أنواع أخرى,2000,القصرين,35.5830379999999,8.667214,18,القصرين,kasserine
منبت تالة,ميبروم,5000,القصرين,35.5830379999999,8.667215,18,القصرين,kasserine
منبت تالة,الاكليل,NA,القصرين,35.5830379999999,8.667216,18,القصرين,kasserine
منبت تالة,لنتنا,NA,القصرين,35.5830379999999,8.667217,18,القصرين,kasserine
منبت فريانة,الصنوبر الحلبي,150000,القصرين,34.9399447,8.56660769999996,18,القصرين,kasserine
منبت فريانة,الكلتوس,8000,القصرين,34.9399448,8.56660769999996,18,القصرين,kasserine
منبت فريانة,السنط الازرق,50000,القصرين,34.9399449,8.56660769999996,18,القصرين,kasserine
منبت فريانة,قطف نميلاريا,NA,القصرين,34.939945,8.56660769999996,18,القصرين,kasserine
منبت فريانة,سرول,120000,القصرين,34.9399451,8.56660769999996,18,القصرين,kasserine
منبت فريانة,كازورينا,6500,القصرين,34.9399452,8.56660769999996,18,القصرين,kasserine
منبت فريانة,أكاسيا شوكية,50000,القصرين,34.9399453,8.56660769999996,18,القصرين,kasserine
منبت فريانة,خروب,5000,القصرين,34.9399454,8.56660769999996,18,القصرين,kasserine
منبت فريانة,اروكاربا,NA,القصرين,34.9399455,8.56660769999996,18,القصرين,kasserine
منبت فريانة,واشنطونيا,2000,القصرين,34.9399456,8.56660769999996,18,القصرين,kasserine
منبت فريانة,فيكيس,NA,القصرين,34.9399457,8.56660769999996,18,القصرين,kasserine
منبت فريانة,فلفل اكحل كاذب,1500,القصرين,34.9399458,8.56660769999996,18,القصرين,kasserine
منبت فريانة,ميليا,NA,القصرين,34.9399459,8.56660769999996,18,القصرين,kasserine
منبت فريانة,أنواع أخرى,NA,القصرين,34.939946,8.56660769999996,18,القصرين,kasserine
منبت فريانة,ابيسكيس,NA,القصرين,34.9399461,8.56660769999996,18,القصرين,kasserine
منبت فريانة,دفلة,3000,القصرين,34.9399462,8.56660769999996,18,القصرين,kasserine
منبت فريانة,ورد,200,القصرين,34.9399463,8.56660769999996,18,القصرين,kasserine
منبت فريانة,لكانيا,NA,القصرين,34.9399464,8.56660769999996,18,القصرين,kasserine
منبت فريانة,ألتيا,NA,القصرين,34.9399465,8.56660769999996,18,القصرين,kasserine
منبت فريانة,جيستسيا,NA,القصرين,34.9399466,8.56660769999996,18,القصرين,kasserine
منبت فريانة,جرنيوم,3000,القصرين,34.9399467,8.56660769999996,18,القصرين,kasserine
منبت فريانة,مردقوش,NA,القصرين,34.9399468,8.56660769999996,18,القصرين,kasserine
منبت فريانة,أنواع أخرى,NA,القصرين,34.9399469,8.56660769999996,18,القصرين,kasserine
منبت فريانة,ميبروم,NA,القصرين,34.939947,8.56660769999996,18,القصرين,kasserine
منبت فريانة,الاكليل,3000,القصرين,34.9399471,8.56660769999996,18,القصرين,kasserine
منبت فريانة,لنتنا,NA,القصرين,34.9399472,8.56660769999996,18,القصرين,kasserine
منبت ضيعة 19,الصنوبر الحلبي,66870,سيدي بوزيد,34.9338651,9.45615499999996,167,سيدي بوزيد,sidi bouzid
منبت ضيعة 19,الكلتوس,57000,سيدي بوزيد,34.9338652,9.45615499999996,167,سيدي بوزيد,sidi bouzid
منبت ضيعة 19,السنط الازرق,167400,سيدي بوزيد,34.9338653,9.45615499999996,167,سيدي بوزيد,sidi bouzid
منبت ضيعة 19,حلاب,1200,سيدي بوزيد,34.9338654,9.45615499999996,167,سيدي بوزيد,sidi bouzid
منبت ضيعة 19,رتم,NA,سيدي بوزيد,34.9338655,9.45615499999996,167,سيدي بوزيد,sidi bouzid
منبت ضيعة 19,جداري,NA,سيدي بوزيد,34.9338656,9.45615499999996,167,سيدي بوزيد,sidi bouzid
منبت ضيعة 19,بروزوبيس,NA,سيدي بوزيد,34.9338657,9.45615499999996,167,سيدي بوزيد,sidi bouzid
منبت ضيعة 19,سرول,52060,سيدي بوزيد,34.9338658,9.45615499999996,167,سيدي بوزيد,sidi bouzid
منبت ضيعة 19,كازورينا,43300,سيدي بوزيد,34.9338659,9.45615499999996,167,سيدي بوزيد,sidi bouzid
منبت ضيعة 19,أكاسيا شوكية,1200,سيدي بوزيد,34.933866,9.45615499999996,167,سيدي بوزيد,sidi bouzid
منبت ضيعة 19,خروب,NA,سيدي بوزيد,34.9338661,9.45615499999996,167,سيدي بوزيد,sidi bouzid
منبت ضيعة 19,توت,123,سيدي بوزيد,34.9338662,9.45615499999996,167,سيدي بوزيد,sidi bouzid
منبت ضيعة 19,بطوم,NA,سيدي بوزيد,34.9338663,9.45615499999996,167,سيدي بوزيد,sidi bouzid
منبت ضيعة 19,واشنطونيا,7500,سيدي بوزيد,34.9338664,9.45615499999996,167,سيدي بوزيد,sidi bouzid
منبت ضيعة 19,فيكيس,700,سيدي بوزيد,34.9338665,9.45615499999996,167,سيدي بوزيد,sidi bouzid
منبت ضيعة 19,سيدركسلون,750,سيدي بوزيد,34.9338666,9.45615499999996,167,سيدي بوزيد,sidi bouzid
منبت ضيعة 19,قزانيا,11628,سيدي بوزيد,34.9338667,9.45615499999996,167,سيدي بوزيد,sidi bouzid
منبت ضيعة 19,فلفل اكحل كاذب,5000,سيدي بوزيد,34.9338668,9.45615499999996,167,سيدي بوزيد,sidi bouzid
منبت ضيعة 19,ميليا,6000,سيدي بوزيد,34.9338669,9.45615499999996,167,سيدي بوزيد,sidi bouzid
منبت ضيعة 19,شافر فاي,140,سيدي بوزيد,34.933867,9.45615499999996,167,سيدي بوزيد,sidi bouzid
منبت ضيعة 19,فوتويا,85,سيدي بوزيد,34.9338671,9.45615499999996,167,سيدي بوزيد,sidi bouzid
منبت ضيعة 19,مسك الليل,200,سيدي بوزيد,34.9338672,9.45615499999996,167,سيدي بوزيد,sidi bouzid
منبت ضيعة 19,ابيسكيس,344,سيدي بوزيد,34.9338673,9.45615499999996,167,سيدي بوزيد,sidi bouzid
منبت ضيعة 19,تكوما,820,سيدي بوزيد,34.9338674,9.45615499999996,167,سيدي بوزيد,sidi bouzid
منبت ضيعة 19,دفلة,4345,سيدي بوزيد,34.9338675,9.45615499999996,167,سيدي بوزيد,sidi bouzid
منبت ضيعة 19,ورد,20,سيدي بوزيد,34.9338676,9.45615499999996,167,سيدي بوزيد,sidi bouzid
منبت ضيعة 19,زيزفون,90,سيدي بوزيد,34.9338677,9.45615499999996,167,سيدي بوزيد,sidi bouzid
منبت ضيعة 19,لكانيا,2200,سيدي بوزيد,34.9338678,9.45615499999996,167,سيدي بوزيد,sidi bouzid
منبت ضيعة 19,بدليا,550,سيدي بوزيد,34.9338679,9.45615499999996,167,سيدي بوزيد,sidi bouzid
منبت ضيعة 19,جرنيوم,2200,سيدي بوزيد,34.933868,9.45615499999996,167,سيدي بوزيد,sidi bouzid
منبت ضيعة 19,عطرشاء,245,سيدي بوزيد,34.9338681,9.45615499999996,167,سيدي بوزيد,sidi bouzid
منبت ضيعة 19,عنبر,30,سيدي بوزيد,34.9338682,9.45615499999996,167,سيدي بوزيد,sidi bouzid
منبت ضيعة 19,كريزنتام,8800,سيدي بوزيد,34.9338683,9.45615499999996,167,سيدي بوزيد,sidi bouzid
منبت ضيعة 19,سامين (فل),30,سيدي بوزيد,34.9338684,9.45615499999996,167,سيدي بوزيد,sidi bouzid
منبت ضيعة 19,بوقنفيلي,470,سيدي بوزيد,34.9338685,9.45615499999996,167,سيدي بوزيد,sidi bouzid
منبت ضيعة 19,ست مريم,400,سيدي بوزيد,34.9338686,9.45615499999996,167,سيدي بوزيد,sidi bouzid
منبت ضيعة 19,ميبروم,27930,سيدي بوزيد,34.9338687,9.45615499999996,167,سيدي بوزيد,sidi bouzid
منبت ضيعة 19,الاكليل,2940,سيدي بوزيد,34.9338688,9.45615499999996,167,سيدي بوزيد,sidi bouzid
منبت ضيعة 19,لنتنا,1386,سيدي بوزيد,34.9338689,9.45615499999996,167,سيدي بوزيد,sidi bouzid
منبت ضيعة 19,الصوجا,650,سيدي بوزيد,34.933869,9.45615499999996,167,سيدي بوزيد,sidi bouzid
منبت ضيعة 19,ليار,560,سيدي بوزيد,34.9338691,9.45615499999996,167,سيدي بوزيد,sidi bouzid
منبت الاسودة,الصنوبر الحلبي,12950,سيدي بوزيد,35.0915034,9.53397440000003,167,سيدي بوزيد,sidi bouzid
منبت الاسودة,الكلتوس,11300,سيدي بوزيد,35.0915035,9.53397440000003,167,سيدي بوزيد,sidi bouzid
منبت الاسودة,السنط الازرق,326474,سيدي بوزيد,35.0915036,9.53397440000003,167,سيدي بوزيد,sidi bouzid
منبت الاسودة,حلاب,2000,سيدي بوزيد,35.0915037,9.53397440000003,167,سيدي بوزيد,sidi bouzid
منبت الاسودة,رتم,3660,سيدي بوزيد,35.0915038,9.53397440000003,167,سيدي بوزيد,sidi bouzid
منبت الاسودة,جداري,3300,سيدي بوزيد,35.0915039,9.53397440000003,167,سيدي بوزيد,sidi bouzid
منبت الاسودة,بروزوبيس,13900,سيدي بوزيد,35.091504,9.53397440000003,167,سيدي بوزيد,sidi bouzid
منبت الاسودة,سرول,6790,سيدي بوزيد,35.0915041,9.53397440000003,167,سيدي بوزيد,sidi bouzid
منبت الاسودة,كازورينا,3750,سيدي بوزيد,35.0915042,9.53397440000003,167,سيدي بوزيد,sidi bouzid
منبت الاسودة,أكاسيا شوكية,26340,سيدي بوزيد,35.0915043,9.53397440000003,167,سيدي بوزيد,sidi bouzid
منبت الاسودة,خروب,1400,سيدي بوزيد,35.0915044,9.53397440000003,167,سيدي بوزيد,sidi bouzid
منبت الاسودة,توت,NA,سيدي بوزيد,35.0915045,9.53397440000003,167,سيدي بوزيد,sidi bouzid
منبت الاسودة,بطوم,500,سيدي بوزيد,35.0915046,9.53397440000003,167,سيدي بوزيد,sidi bouzid
منبت الاسودة,واشنطونيا,1500,سيدي بوزيد,35.0915047,9.53397440000003,167,سيدي بوزيد,sidi bouzid
منبت الاسودة,فيكيس,NA,سيدي بوزيد,35.0915048,9.53397440000003,167,سيدي بوزيد,sidi bouzid
منبت الاسودة,سيدركسلون,NA,سيدي بوزيد,35.0915049,9.53397440000003,167,سيدي بوزيد,sidi bouzid
منبت الاسودة,قزانيا,NA,سيدي بوزيد,35.091505,9.53397440000003,167,سيدي بوزيد,sidi bouzid
منبت الاسودة,فلفل اكحل كاذب,2560,سيدي بوزيد,35.0915051,9.53397440000003,167,سيدي بوزيد,sidi bouzid
منبت الاسودة,ميليا,NA,سيدي بوزيد,35.0915052,9.53397440000003,167,سيدي بوزيد,sidi bouzid
منبت الاسودة,شافر فاي,NA,سيدي بوزيد,35.0915053,9.53397440000003,167,سيدي بوزيد,sidi bouzid
منبت الاسودة,فوتويا,905,سيدي بوزيد,35.0915054,9.53397440000003,167,سيدي بوزيد,sidi bouzid
منبت الاسودة,مسك الليل,NA,سيدي بوزيد,35.0915055,9.53397440000003,167,سيدي بوزيد,sidi bouzid
منبت الاسودة,ابيسكيس,NA,سيدي بوزيد,35.0915056,9.53397440000003,167,سيدي بوزيد,sidi bouzid
منبت الاسودة,تكوما,NA,سيدي بوزيد,35.0915057,9.53397440000003,167,سيدي بوزيد,sidi bouzid
منبت الاسودة,دفلة,4650,سيدي بوزيد,35.0915058,9.53397440000003,167,سيدي بوزيد,sidi bouzid
منبت الاسودة,ورد,NA,سيدي بوزيد,35.0915059,9.53397440000003,167,سيدي بوزيد,sidi bouzid
منبت الاسودة,زيزفون,NA,سيدي بوزيد,35.091506,9.53397440000003,167,سيدي بوزيد,sidi bouzid
منبت الاسودة,لكانيا,1540,سيدي بوزيد,35.0915061,9.53397440000003,167,سيدي بوزيد,sidi bouzid
منبت الاسودة,بدليا,NA,سيدي بوزيد,35.0915062,9.53397440000003,167,سيدي بوزيد,sidi bouzid
منبت الاسودة,جرنيوم,NA,سيدي بوزيد,35.0915063,9.53397440000003,167,سيدي بوزيد,sidi bouzid
منبت الاسودة,عطرشاء,NA,سيدي بوزيد,35.0915064,9.53397440000003,167,سيدي بوزيد,sidi bouzid
منبت الاسودة,عنبر,NA,سيدي بوزيد,35.0915065,9.53397440000003,167,سيدي بوزيد,sidi bouzid
منبت الاسودة,كريزنتام,NA,سيدي بوزيد,35.0915066,9.53397440000003,167,سيدي بوزيد,sidi bouzid
منبت الاسودة,سامين (فل),NA,سيدي بوزيد,35.0915067,9.53397440000003,167,سيدي بوزيد,sidi bouzid
منبت الاسودة,بوقنفيلي,NA,سيدي بوزيد,35.0915068,9.53397440000003,167,سيدي بوزيد,sidi bouzid
منبت الاسودة,ست مريم,NA,سيدي بوزيد,35.0915069,9.53397440000003,167,سيدي بوزيد,sidi bouzid
منبت الاسودة,ميبروم,11680,سيدي بوزيد,35.091507,9.53397440000003,167,سيدي بوزيد,sidi bouzid
منبت الاسودة,الاكليل,NA,سيدي بوزيد,35.0915071,9.53397440000003,167,سيدي بوزيد,sidi bouzid
منبت الاسودة,لنتنا,NA,سيدي بوزيد,35.0915072,9.53397440000003,167,سيدي بوزيد,sidi bouzid
منبت الاسودة,الصوجا,NA,سيدي بوزيد,35.0915073,9.53397440000003,167,سيدي بوزيد,sidi bouzid
منبت الاسودة,ليار,NA,سيدي بوزيد,35.0915074,9.53397440000003,167,سيدي بوزيد,sidi bouzid
منبت المكناسي,الصنوبر الحلبي,35000,سيدي بوزيد,34.606659,9.60705299999995,167,سيدي بوزيد,sidi bouzid
منبت المكناسي,الكلتوس,2100,سيدي بوزيد,34.60666,9.60705299999995,167,سيدي بوزيد,sidi bouzid
منبت المكناسي,السنط الازرق,9130,سيدي بوزيد,34.606661,9.60705299999995,167,سيدي بوزيد,sidi bouzid
منبت المكناسي,حلاب,2396,سيدي بوزيد,34.606662,9.60705299999995,167,سيدي بوزيد,sidi bouzid
منبت المكناسي,رتم,2230,سيدي بوزيد,34.606663,9.60705299999995,167,سيدي بوزيد,sidi bouzid
منبت المكناسي,جداري,NA,سيدي بوزيد,34.606664,9.60705299999995,167,سيدي بوزيد,sidi bouzid
منبت المكناسي,بروزوبيس,NA,سيدي بوزيد,34.606665,9.60705299999995,167,سيدي بوزيد,sidi bouzid
منبت المكناسي,سرول,5986,سيدي بوزيد,34.606666,9.60705299999995,167,سيدي بوزيد,sidi bouzid
منبت المكناسي,كازورينا,2500,سيدي بوزيد,34.606667,9.60705299999995,167,سيدي بوزيد,sidi bouzid
منبت المكناسي,أكاسيا شوكية,300,سيدي بوزيد,34.606668,9.60705299999995,167,سيدي بوزيد,sidi bouzid
منبت المكناسي,خروب,1500,سيدي بوزيد,34.606669,9.60705299999995,167,سيدي بوزيد,sidi bouzid
منبت المكناسي,توت,NA,سيدي بوزيد,34.60667,9.60705299999995,167,سيدي بوزيد,sidi bouzid
منبت المكناسي,بطوم,NA,سيدي بوزيد,34.606671,9.60705299999995,167,سيدي بوزيد,sidi bouzid
منبت المكناسي,واشنطونيا,NA,سيدي بوزيد,34.606672,9.60705299999995,167,سيدي بوزيد,sidi bouzid
منبت المكناسي,فيكيس,1100,سيدي بوزيد,34.606673,9.60705299999995,167,سيدي بوزيد,sidi bouzid
منبت المكناسي,سيدركسلون,NA,سيدي بوزيد,34.606674,9.60705299999995,167,سيدي بوزيد,sidi bouzid
منبت المكناسي,قزانيا,NA,سيدي بوزيد,34.606675,9.60705299999995,167,سيدي بوزيد,sidi bouzid
منبت المكناسي,فلفل اكحل كاذب,NA,سيدي بوزيد,34.606676,9.60705299999995,167,سيدي بوزيد,sidi bouzid
منبت المكناسي,ميليا,NA,سيدي بوزيد,34.606677,9.60705299999995,167,سيدي بوزيد,sidi bouzid
منبت المكناسي,شافر فاي,NA,سيدي بوزيد,34.606678,9.60705299999995,167,سيدي بوزيد,sidi bouzid
منبت المكناسي,فوتويا,NA,سيدي بوزيد,34.606679,9.60705299999995,167,سيدي بوزيد,sidi bouzid
منبت المكناسي,مسك الليل,NA,سيدي بوزيد,34.60668,9.60705299999995,167,سيدي بوزيد,sidi bouzid
منبت المكناسي,ابيسكيس,NA,سيدي بوزيد,34.606681,9.60705299999995,167,سيدي بوزيد,sidi bouzid
منبت المكناسي,تكوما,NA,سيدي بوزيد,34.606682,9.60705299999995,167,سيدي بوزيد,sidi bouzid
منبت المكناسي,دفلة,NA,سيدي بوزيد,34.606683,9.60705299999995,167,سيدي بوزيد,sidi bouzid
منبت المكناسي,ورد,NA,سيدي بوزيد,34.606684,9.60705299999995,167,سيدي بوزيد,sidi bouzid
منبت المكناسي,زيزفون,NA,سيدي بوزيد,34.606685,9.60705299999995,167,سيدي بوزيد,sidi bouzid
منبت المكناسي,لكانيا,NA,سيدي بوزيد,34.606686,9.60705299999995,167,سيدي بوزيد,sidi bouzid
منبت المكناسي,بدليا,NA,سيدي بوزيد,34.606687,9.60705299999995,167,سيدي بوزيد,sidi bouzid
منبت المكناسي,جرنيوم,NA,سيدي بوزيد,34.606688,9.60705299999995,167,سيدي بوزيد,sidi bouzid
منبت المكناسي,عطرشاء,NA,سيدي بوزيد,34.606689,9.60705299999995,167,سيدي بوزيد,sidi bouzid
منبت المكناسي,عنبر,NA,سيدي بوزيد,34.60669,9.60705299999995,167,سيدي بوزيد,sidi bouzid
منبت المكناسي,كريزنتام,NA,سيدي بوزيد,34.606691,9.60705299999995,167,سيدي بوزيد,sidi bouzid
منبت المكناسي,سامين (فل),NA,سيدي بوزيد,34.606692,9.60705299999995,167,سيدي بوزيد,sidi bouzid
منبت المكناسي,بوقنفيلي,NA,سيدي بوزيد,34.606693,9.60705299999995,167,سيدي بوزيد,sidi bouzid
منبت المكناسي,ست مريم,NA,سيدي بوزيد,34.606694,9.60705299999995,167,سيدي بوزيد,sidi bouzid
منبت المكناسي,ميبروم,2500,سيدي بوزيد,34.606695,9.60705299999995,167,سيدي بوزيد,sidi bouzid
منبت المكناسي,الاكليل,3500,سيدي بوزيد,34.606696,9.60705299999995,167,سيدي بوزيد,sidi bouzid
منبت المكناسي,لنتنا,NA,سيدي بوزيد,34.606697,9.60705299999995,167,سيدي بوزيد,sidi bouzid
منبت المكناسي,الصوجا,NA,سيدي بوزيد,34.606698,9.60705299999995,167,سيدي بوزيد,sidi bouzid
منبت المكناسي,ليار,NA,سيدي بوزيد,34.606699,9.60705299999995,167,سيدي بوزيد,sidi bouzid
منبت القصر,الصنوبر الحلبي,33613,قفصة,34.3976044,8.80443769999999,16,قفصة,gafsa
منبت القصر,الكلتوس,15000,قفصة,34.3976045,8.80443769999999,16,قفصة,gafsa
منبت القصر,السنط الازرق,74000,قفصة,34.3976046,8.80443769999999,16,قفصة,gafsa
منبت القصر,سرول,111075,قفصة,34.3976047,8.80443769999999,16,قفصة,gafsa
منبت القصر,كازورينا,66000,قفصة,34.3976048,8.80443769999999,16,قفصة,gafsa
منبت القصر,أكاسيا شوكية,200,قفصة,34.3976049,8.80443769999999,16,قفصة,gafsa
منبت القصر,خروب,472,قفصة,34.397605,8.80443769999999,16,قفصة,gafsa
منبت القصر,واشنطونيا,4553,قفصة,34.3976051,8.80443769999999,16,قفصة,gafsa
منبت القصر,فيكيس نتدا,1057,قفصة,34.3976052,8.80443769999999,16,قفصة,gafsa
منبت القصر,فلفل اكحل كاذب,7200,قفصة,34.3976053,8.80443769999999,16,قفصة,gafsa
منبت القصر,زيزفون,1524,قفصة,34.3976054,8.80443769999999,16,قفصة,gafsa
منبت القصر,مسك الليل,200,قفصة,34.3976055,8.80443769999999,16,قفصة,gafsa
منبت القصر,هبيسكيس,455,قفصة,34.3976056,8.80443769999999,16,قفصة,gafsa
منبت القصر,دفلة,5000,قفصة,34.3976057,8.80443769999999,16,قفصة,gafsa
منبت القصر,لوكانيا,NA,قفصة,34.3976058,8.80443769999999,16,قفصة,gafsa
منبت القصر,جرنيوم,50,قفصة,34.3976059,8.80443769999999,16,قفصة,gafsa
منبت القصر,عنبر,160,قفصة,34.397606,8.80443769999999,16,قفصة,gafsa
منبت القصر,ست مريم,500,قفصة,34.3976061,8.80443769999999,16,قفصة,gafsa
منبت القصر,بوقنفيلي,50,قفصة,34.3976062,8.80443769999999,16,قفصة,gafsa
منبت القصر,ميبروم,800,قفصة,34.3976063,8.80443769999999,16,قفصة,gafsa
منبت القصر,الاكليل,30,قفصة,34.3976064,8.80443769999999,16,قفصة,gafsa
منبت القصر,لنتنا,138,قفصة,34.3976065,8.80443769999999,16,قفصة,gafsa
منبت عبد الصادق,الصنوبر الحلبي,7000,قفصة,34.4311398,8.77565559999993,16,قفصة,gafsa
منبت عبد الصادق,الكلتوس,NA,قفصة,34.4311399,8.77565559999993,16,قفصة,gafsa
منبت عبد الصادق,السنط الازرق,15000,قفصة,34.43114,8.77565559999993,16,قفصة,gafsa
منبت عبد الصادق,سرول,NA,قفصة,34.4311401,8.77565559999993,16,قفصة,gafsa
منبت عبد الصادق,كازورينا,3500,قفصة,34.4311402,8.77565559999993,16,قفصة,gafsa
منبت عبد الصادق,أكاسيا شوكية,NA,قفصة,34.4311403,8.77565559999993,16,قفصة,gafsa
منبت عبد الصادق,خروب,NA,قفصة,34.4311404,8.77565559999993,16,قفصة,gafsa
منبت عبد الصادق,واشنطونيا,NA,قفصة,34.4311405,8.77565559999993,16,قفصة,gafsa
منبت عبد الصادق,فيكيس نتدا,NA,قفصة,34.4311406,8.77565559999993,16,قفصة,gafsa
منبت عبد الصادق,فلفل اكحل كاذب,NA,قفصة,34.4311407,8.77565559999993,16,قفصة,gafsa
منبت عبد الصادق,زيزفون,NA,قفصة,34.4311408,8.77565559999993,16,قفصة,gafsa
منبت عبد الصادق,مسك الليل,NA,قفصة,34.4311409,8.77565559999993,16,قفصة,gafsa
منبت عبد الصادق,هبيسكيس,NA,قفصة,34.431141,8.77565559999993,16,قفصة,gafsa
منبت عبد الصادق,دفلة,NA,قفصة,34.4311411,8.77565559999993,16,قفصة,gafsa
منبت عبد الصادق,لوكانيا,NA,قفصة,34.4311412,8.77565559999993,16,قفصة,gafsa
منبت عبد الصادق,جرنيوم,NA,قفصة,34.4311413,8.77565559999993,16,قفصة,gafsa
منبت عبد الصادق,عنبر,NA,قفصة,34.4311414,8.77565559999993,16,قفصة,gafsa
منبت عبد الصادق,ست مريم,NA,قفصة,34.4311415,8.77565559999993,16,قفصة,gafsa
منبت عبد الصادق,بوقنفيلي,NA,قفصة,34.4311416,8.77565559999993,16,قفصة,gafsa
منبت عبد الصادق,ميبروم,NA,قفصة,34.4311417,8.77565559999993,16,قفصة,gafsa
منبت عبد الصادق,الاكليل,NA,قفصة,34.4311418,8.77565559999993,16,قفصة,gafsa
منبت عبد الصادق,لنتنا,NA,قفصة,34.4311419,8.77565559999993,16,قفصة,gafsa
منبت توزر,طرفة,NA,توزر,33.918534,8.12293290000002,45,توزر,touzr
منبت توزر,الكلتوس,13781,توزر,33.918535,8.12293290000002,45,توزر,touzr
منبت توزر,أكاسيا تورتليس,3438,توزر,33.918536,8.12293290000002,45,توزر,touzr
منبت توزر,قطف نميلاريا,NA,توزر,33.918537,8.12293290000002,45,توزر,touzr
منبت توزر,حلاب,2450,توزر,33.918538,8.12293290000002,45,توزر,touzr
منبت توزر,بروزوبيس,26472,توزر,33.918539,8.12293290000002,45,توزر,touzr
منبت توزر,اكاسيا سليسنا,71463,توزر,33.91854,8.12293290000002,45,توزر,touzr
منبت توزر,باركنسونيا,1600,توزر,33.918541,8.12293290000002,45,توزر,touzr
منبت توزر,اكاسيا فرنيزينا,20934,توزر,33.918542,8.12293290000002,45,توزر,touzr
منبت توزر,أرطا,NA,توزر,33.918543,8.12293290000002,45,توزر,touzr
منبت توزر,سرول,2220,توزر,33.918544,8.12293290000002,45,توزر,touzr
منبت توزر,كازورينا,7210,توزر,33.918545,8.12293290000002,45,توزر,touzr
منبت توزر,أكاسيا شوكية,1880,توزر,33.918546,8.12293290000002,45,توزر,touzr
منبت توزر,جوجوبا,NA,توزر,33.918547,8.12293290000002,45,توزر,touzr
منبت توزر,نبق,3230,توزر,33.918548,8.12293290000002,45,توزر,touzr
منبت توزر,توت,1800,توزر,33.918549,8.12293290000002,45,توزر,touzr
منبت توزر,واشنطونيا,1200,توزر,33.91855,8.12293290000002,45,توزر,touzr
منبت توزر,فيكيس,1500,توزر,33.918551,8.12293290000002,45,توزر,touzr
منبت توزر,سدروكلون,2100,توزر,33.918552,8.12293290000002,45,توزر,touzr
منبت توزر,ميليا,1785,توزر,33.918553,8.12293290000002,45,توزر,touzr
منبت توزر,سلفيا,2050,توزر,33.918554,8.12293290000002,45,توزر,touzr
منبت توزر,هيبسكيس,1500,توزر,33.918555,8.12293290000002,45,توزر,touzr
منبت توزر,تكوما,1600,توزر,33.918556,8.12293290000002,45,توزر,touzr
منبت توزر,دفلة,580,توزر,33.918557,8.12293290000002,45,توزر,touzr
منبت توزر,لكانيا,NA,توزر,33.918558,8.12293290000002,45,توزر,touzr
منبت توزر,أرنج,250,توزر,33.918559,8.12293290000002,45,توزر,touzr
منبت توزر,جيستسيا,1200,توزر,33.91856,8.12293290000002,45,توزر,touzr
منبت توزر,طير الجنة,NA,توزر,33.918561,8.12293290000002,45,توزر,touzr
منبت توزر,بروفنج,950,توزر,33.918562,8.12293290000002,45,توزر,touzr
منبت توزر,هدرا الاكس ( شعباطة),2000,توزر,33.918563,8.12293290000002,45,توزر,touzr
منبت توزر,بوقنفيلي,2000,توزر,33.918564,8.12293290000002,45,توزر,touzr
منبت توزر,كاكتي,NA,توزر,33.918565,8.12293290000002,45,توزر,touzr
منبت نفطة,طرفة,15799,توزر,33.8761249,7.88032359999999,45,توزر,touzr
منبت نفطة,الكلتوس,NA,توزر,33.876125,7.88032359999999,45,توزر,touzr
منبت نفطة,أكاسيا تورتليس,NA,توزر,33.8761251,7.88032359999999,45,توزر,touzr
منبت نفطة,قطف نميلاريا,400,توزر,33.8761252,7.88032359999999,45,توزر,touzr
منبت نفطة,حلاب,210,توزر,33.8761253,7.88032359999999,45,توزر,touzr
منبت نفطة,بروزوبيس,20020,توزر,33.8761254,7.88032359999999,45,توزر,touzr
منبت نفطة,اكاسيا سليسنا,67088,توزر,33.8761255,7.88032359999999,45,توزر,touzr
منبت نفطة,باركنسونيا,2350,توزر,33.8761256,7.88032359999999,45,توزر,touzr
منبت نفطة,اكاسيا فرنيزينا,NA,توزر,33.8761257,7.88032359999999,45,توزر,touzr
منبت نفطة,أرطا,50,توزر,33.8761258,7.88032359999999,45,توزر,touzr
منبت نفطة,سرول,600,توزر,33.8761259,7.88032359999999,45,توزر,touzr
منبت نفطة,كازورينا,400,توزر,33.876126,7.88032359999999,45,توزر,touzr
منبت نفطة,أكاسيا شوكية,NA,توزر,33.8761261,7.88032359999999,45,توزر,touzr
منبت نفطة,جوجوبا,3000,توزر,33.8761262,7.88032359999999,45,توزر,touzr
منبت نفطة,نبق,NA,توزر,33.8761263,7.88032359999999,45,توزر,touzr
منبت نفطة,توت,NA,توزر,33.8761264,7.88032359999999,45,توزر,touzr
منبت نفطة,واشنطونيا,50,توزر,33.8761265,7.88032359999999,45,توزر,touzr
منبت نفطة,فيكيس,NA,توزر,33.8761266,7.88032359999999,45,توزر,touzr
منبت نفطة,سدروكلون,NA,توزر,33.8761267,7.88032359999999,45,توزر,touzr
منبت نفطة,ميليا,520,توزر,33.8761268,7.88032359999999,45,توزر,touzr
منبت نفطة,سلفيا,NA,توزر,33.8761269,7.88032359999999,45,توزر,touzr
منبت نفطة,هيبسكيس,NA,توزر,33.876127,7.88032359999999,45,توزر,touzr
منبت نفطة,تكوما,NA,توزر,33.8761271,7.88032359999999,45,توزر,touzr
منبت نفطة,دفلة,2300,توزر,33.8761272,7.88032359999999,45,توزر,touzr
منبت نفطة,لكانيا,1000,توزر,33.8761273,7.88032359999999,45,توزر,touzr
منبت نفطة,أرنج,NA,توزر,33.8761274,7.88032359999999,45,توزر,touzr
منبت نفطة,جيستسيا,NA,توزر,33.8761275,7.88032359999999,45,توزر,touzr
منبت نفطة,طير الجنة,5500,توزر,33.8761276,7.88032359999999,45,توزر,touzr
منبت نفطة,بروفنج,NA,توزر,33.8761277,7.88032359999999,45,توزر,touzr
منبت نفطة,هدرا الاكس ( شعباطة),NA,توزر,33.8761278,7.88032359999999,45,توزر,touzr
منبت نفطة,بوقنفيلي,250,توزر,33.8761279,7.88032359999999,45,توزر,touzr
منبت نفطة,كاكتي,20,توزر,33.876128,7.88032359999999,45,توزر,touzr
منبت قبلي,الصنوبر الحلبي,33458,قبلي,33.7071551,8.97146229999998,46,قبلي,qbli
منبت قبلي,أكاسيا سليسنا,39540,قبلي,33.7071552,8.97146229999998,46,قبلي,qbli
منبت قبلي,قطف نميلاريا,265,قبلي,33.7071553,8.97146229999998,46,قبلي,qbli
منبت قبلي,سرول,19404,قبلي,33.7071554,8.97146229999998,46,قبلي,qbli
منبت قبلي,كازورينا,11434,قبلي,33.7071555,8.97146229999998,46,قبلي,qbli
منبت قبلي,أكاسيا شوكية,14807,قبلي,33.7071556,8.97146229999998,46,قبلي,qbli
منبت قبلي,كرم,9,قبلي,33.7071557,8.97146229999998,46,قبلي,qbli
منبت قبلي,رمان,20,قبلي,33.7071558,8.97146229999998,46,قبلي,qbli
منبت قبلي,واشنطونيا,2510,قبلي,33.7071559,8.97146229999998,46,قبلي,qbli
منبت قبلي,فيكيس,597,قبلي,33.707156,8.97146229999998,46,قبلي,qbli
منبت قبلي,فلفل اكحل كاذب,3175,قبلي,33.7071561,8.97146229999998,46,قبلي,qbli
منبت قبلي,شلهب,122,قبلي,33.7071562,8.97146229999998,46,قبلي,qbli
منبت قبلي,حبة السبحة,2053,قبلي,33.7071563,8.97146229999998,46,قبلي,qbli
منبت قبلي,ابيسكيس,870,قبلي,33.7071564,8.97146229999998,46,قبلي,qbli
منبت قبلي,لكانيا,1480,قبلي,33.7071565,8.97146229999998,46,قبلي,qbli
منبت قبلي,ست مريم,3092,قبلي,33.7071566,8.97146229999998,46,قبلي,qbli
منبت قبلي,عطرشاء,3408,قبلي,33.7071567,8.97146229999998,46,قبلي,qbli
منبت قبلي,فليو,3060,قبلي,33.7071568,8.97146229999998,46,قبلي,qbli
منبت قبلي,بوقنفيلي,912,قبلي,33.7071569,8.97146229999998,46,قبلي,qbli
منبت قبلي,الاكليل,255,قبلي,33.707157,8.97146229999998,46,قبلي,qbli
منبت قبلي,الخزامة,106,قبلي,33.7071571,8.97146229999998,46,قبلي,qbli
منبت المسرب,الكلتوس,4000,تطاوين,32.9210902,10.4508955999999,5,تطاوين,tataouine
منبت المسرب,اكاسيا سليسنا,30000,تطاوين,32.9210903,10.4508955999999,5,تطاوين,tataouine
منبت المسرب,السنط الازرق,NA,تطاوين,32.9210904,10.4508955999999,5,تطاوين,tataouine
منبت المسرب,حلاب,7000,تطاوين,32.9210905,10.4508955999999,5,تطاوين,tataouine
منبت المسرب,بروزوبيس,9000,تطاوين,32.9210906,10.4508955999999,5,تطاوين,tataouine
منبت المسرب,سرول,25000,تطاوين,32.9210907,10.4508955999999,5,تطاوين,tataouine
منبت المسرب,كازورينا,NA,تطاوين,32.9210908,10.4508955999999,5,تطاوين,tataouine
منبت المسرب,أكاسيا شوكية,15000,تطاوين,32.9210909,10.4508955999999,5,تطاوين,tataouine
منبت المسرب,خروب,NA,تطاوين,32.921091,10.4508955999999,5,تطاوين,tataouine
منبت المسرب,توت,1000,تطاوين,32.9210911,10.4508955999999,5,تطاوين,tataouine
منبت المسرب,واشنطونيا,1500,تطاوين,32.9210912,10.4508955999999,5,تطاوين,tataouine
منبت المسرب,فيكيس,4000,تطاوين,32.9210913,10.4508955999999,5,تطاوين,tataouine
منبت المسرب,سدركسلون,NA,تطاوين,32.9210914,10.4508955999999,5,تطاوين,tataouine
منبت المسرب,فلفل اكحل كاذب,4000,تطاوين,32.9210915,10.4508955999999,5,تطاوين,tataouine
منبت المسرب,ميليا,NA,تطاوين,32.9210916,10.4508955999999,5,تطاوين,tataouine
منبت المسرب,مسك الليل,100,تطاوين,32.9210917,10.4508955999999,5,تطاوين,tataouine
منبت المسرب,ابيسكيس,600,تطاوين,32.9210918,10.4508955999999,5,تطاوين,tataouine
منبت المسرب,تكوما,400,تطاوين,32.9210919,10.4508955999999,5,تطاوين,tataouine
منبت المسرب,دفلة,300,تطاوين,32.921092,10.4508955999999,5,تطاوين,tataouine
منبت المسرب,تفيستيا,NA,تطاوين,32.9210921,10.4508955999999,5,تطاوين,tataouine
منبت المسرب,ورد,NA,تطاوين,32.9210922,10.4508955999999,5,تطاوين,tataouine
منبت المسرب,جيستسيا,100,تطاوين,32.9210923,10.4508955999999,5,تطاوين,tataouine
منبت المسرب,جيرنيوم,2000,تطاوين,32.9210924,10.4508955999999,5,تطاوين,tataouine
منبت المسرب,عطرشاء,2000,تطاوين,32.9210925,10.4508955999999,5,تطاوين,tataouine
منبت المسرب,حبق,NA,تطاوين,32.9210926,10.4508955999999,5,تطاوين,tataouine
منبت المسرب,قزانيا,NA,تطاوين,32.9210927,10.4508955999999,5,تطاوين,tataouine
منبت المسرب,سامين (فل),400,تطاوين,32.9210928,10.4508955999999,5,تطاوين,tataouine
منبت المسرب,بوقنفيلي,1200,تطاوين,32.9210929,10.4508955999999,5,تطاوين,tataouine
منبت المسرب,ميبروم,150,تطاوين,32.921093,10.4508955999999,5,تطاوين,tataouine
منبت المسرب,الاكليل,2000,تطاوين,32.9210931,10.4508955999999,5,تطاوين,tataouine
منبت المسرب,لنتنا,200,تطاوين,32.9210932,10.4508955999999,5,تطاوين,tataouine
منبت المسرب,ست مريم,200,تطاوين,32.9210933,10.4508955999999,5,تطاوين,tataouine
منبت المعونة,الكلتوس,4000,تطاوين,32.9271843830635,10.4436635971069,5,تطاوين,tataouine
منبت المعونة,اكاسيا سليسنا,20000,تطاوين,32.9271843830635,10.4436635971069,5,تطاوين,tataouine
منبت المعونة,السنط الازرق,2500,تطاوين,32.9271843830635,10.4436635971069,5,تطاوين,tataouine
منبت المعونة,حلاب,5500,تطاوين,32.9271843830635,10.4436635971069,5,تطاوين,tataouine
منبت المعونة,بروزوبيس,2000,تطاوين,32.9271843830635,10.4436635971069,5,تطاوين,tataouine
منبت المعونة,سرول,50000,تطاوين,32.9271843830635,10.4436635971069,5,تطاوين,tataouine
منبت المعونة,كازورينا,6000,تطاوين,32.9271843830635,10.4436635971069,5,تطاوين,tataouine
منبت المعونة,أكاسيا شوكية,5000,تطاوين,32.9271843830635,10.4436635971069,5,تطاوين,tataouine
منبت المعونة,خروب,3000,تطاوين,32.9271843830635,10.4436635971069,5,تطاوين,tataouine
منبت المعونة,توت,500,تطاوين,32.9271843830635,10.4436635971069,5,تطاوين,tataouine
منبت المعونة,واشنطونيا,3000,تطاوين,32.9271843830635,10.4436635971069,5,تطاوين,tataouine
منبت المعونة,فيكيس,5000,تطاوين,32.9271843830635,10.4436635971069,5,تطاوين,tataouine
منبت المعونة,سدركسلون,1000,تطاوين,32.9271843830635,10.4436635971069,5,تطاوين,tataouine
منبت المعونة,فلفل اكحل كاذب,2600,تطاوين,32.9271843830635,10.4436635971069,5,تطاوين,tataouine
منبت المعونة,ميليا,4000,تطاوين,32.9271843830635,10.4436635971069,5,تطاوين,tataouine
منبت المعونة,مسك الليل,250,تطاوين,32.9271843830635,10.4436635971069,5,تطاوين,tataouine
منبت المعونة,ابيسكيس,1200,تطاوين,32.9271843830635,10.4436635971069,5,تطاوين,tataouine
منبت المعونة,تكوما,500,تطاوين,32.9271843830635,10.4436635971069,5,تطاوين,tataouine
منبت المعونة,دفلة,2100,تطاوين,32.9271843830635,10.4436635971069,5,تطاوين,tataouine
منبت المعونة,تفيستيا,NA,تطاوين,32.9271843830635,10.4436635971069,5,تطاوين,tataouine
منبت المعونة,ورد,700,تطاوين,32.9271843830635,10.4436635971069,5,تطاوين,tataouine
منبت المعونة,جيستسيا,800,تطاوين,32.9271843830635,10.4436635971069,5,تطاوين,tataouine
منبت المعونة,جيرنيوم,1800,تطاوين,32.9271843830635,10.4436635971069,5,تطاوين,tataouine
منبت المعونة,عطرشاء,500,تطاوين,32.9271843830635,10.4436635971069,5,تطاوين,tataouine
منبت المعونة,حبق,900,تطاوين,32.9271843830635,10.4436635971069,5,تطاوين,tataouine
منبت المعونة,قزانيا,300,تطاوين,32.9271843830635,10.4436635971069,5,تطاوين,tataouine
منبت المعونة,سامين (فل),700,تطاوين,32.9271843830635,10.4436635971069,5,تطاوين,tataouine
منبت المعونة,بوقنفيلي,1300,تطاوين,32.9271843830635,10.4436635971069,5,تطاوين,tataouine
منبت المعونة,ميبروم,NA,تطاوين,32.9271843830635,10.4436635971069,5,تطاوين,tataouine
منبت المعونة,الاكليل,3000,تطاوين,32.9271843830635,10.4436635971069,5,تطاوين,tataouine
منبت المعونة,لنتنا,600,تطاوين,32.9271843830635,10.4436635971069,5,تطاوين,tataouine
منبت المعونة,ست مريم,1300,تطاوين,32.9271843830635,10.4436635971069,5,تطاوين,tataouine
منبت مدنين,الصنوبر الحلبي,1700,مدنين,33.3399221,10.4958678,26,مدنين,mdnin
منبت مدنين,الكلتوس,24450,مدنين,33.3399222,10.4958678,26,مدنين,mdnin
منبت مدنين,أكاسيا سليسنا,10600,مدنين,33.3399223,10.4958678,26,مدنين,mdnin
منبت مدنين,أكاسيا سكلوبيس,NA,مدنين,33.3399224,10.4958678,26,مدنين,mdnin
منبت مدنين,السنط الازرق,2100,مدنين,33.3399225,10.4958678,26,مدنين,mdnin
منبت مدنين,قطف هليميس,30,مدنين,33.3399226,10.4958678,26,مدنين,mdnin
منبت مدنين,قطف نميلاريا,30,مدنين,33.3399227,10.4958678,26,مدنين,mdnin
منبت مدنين,أزل,NA,مدنين,33.3399228,10.4958678,26,مدنين,mdnin
منبت مدنين,حلاب,2000,مدنين,33.3399229,10.4958678,26,مدنين,mdnin
منبت مدنين,هندي,NA,مدنين,33.339923,10.4958678,26,مدنين,mdnin
منبت مدنين,سرول,12800,مدنين,33.3399231,10.4958678,26,مدنين,mdnin
منبت مدنين,كازورينا,6080,مدنين,33.3399232,10.4958678,26,مدنين,mdnin
منبت مدنين,أكاسيا شوكية,NA,مدنين,33.3399233,10.4958678,26,مدنين,mdnin
منبت مدنين,خروب,NA,مدنين,33.339923400000004,10.4958678,26,مدنين,mdnin
منبت مدنين,توت,600,مدنين,33.3399235,10.4958678,26,مدنين,mdnin
منبت مدنين,واشنطونيا,10014,مدنين,33.3399236,10.4958678,26,مدنين,mdnin
منبت مدنين,فيكيس,7754,مدنين,33.3399237,10.4958678,26,مدنين,mdnin
منبت مدنين,سدروكلون,NA,مدنين,33.3399238,10.4958678,26,مدنين,mdnin
منبت مدنين,فلفل اكحل كاذب,11160,مدنين,33.3399239,10.4958678,26,مدنين,mdnin
منبت مدنين,سكينيس تريبنتفليس,NA,مدنين,33.339924,10.4958678,26,مدنين,mdnin
منبت مدنين,مسك الليل,NA,مدنين,33.3399241,10.4958678,26,مدنين,mdnin
منبت مدنين,ابيسكيس,1450,مدنين,33.3399242,10.4958678,26,مدنين,mdnin
منبت مدنين,تكوما,2570,مدنين,33.3399243,10.4958678,26,مدنين,mdnin
منبت مدنين,دفلة,2876,مدنين,33.3399244,10.4958678,26,مدنين,mdnin
منبت مدنين,ورد,200,مدنين,33.3399245,10.4958678,26,مدنين,mdnin
منبت مدنين,زيزفون,2750,مدنين,33.3399246,10.4958678,26,مدنين,mdnin
منبت مدنين,ألبيزيا,NA,مدنين,33.3399247,10.4958678,26,مدنين,mdnin
منبت مدنين,صبار,12200,مدنين,33.3399248,10.4958678,26,مدنين,mdnin
منبت مدنين,جرنيوم,NA,مدنين,33.3399249,10.4958678,26,مدنين,mdnin
منبت مدنين,عنبر,5425,مدنين,33.339925,10.4958678,26,مدنين,mdnin
منبت مدنين,سامين (فل),1970,مدنين,33.3399251,10.4958678,26,مدنين,mdnin
منبت مدنين,بوقنفيلي,8518,مدنين,33.3399252,10.4958678,26,مدنين,mdnin
منبت مدنين,أنواع أخرى,NA,مدنين,33.3399253,10.4958678,26,مدنين,mdnin
منبت مدنين,ميبروم,NA,مدنين,33.3399254,10.4958678,26,مدنين,mdnin
منبت مدنين,لقيستروم,NA,مدنين,33.3399255,10.4958678,26,مدنين,mdnin
منبت مدنين,الريحان,NA,مدنين,33.3399256,10.4958678,26,مدنين,mdnin
منبت مدنين,الاكليل,NA,مدنين,33.3399257,10.4958678,26,مدنين,mdnin
منبت مدنين,لنتنا,800,مدنين,33.3399258,10.4958678,26,مدنين,mdnin
منبت مدنين,الصوجا,NA,مدنين,33.3399259,10.4958678,26,مدنين,mdnin
منبت مدنين,الخزامة,2550,مدنين,33.339926,10.4958678,26,مدنين,mdnin
منبت مدنين,قزانيا,NA,مدنين,33.3399261,10.4958678,26,مدنين,mdnin
منبت المرة,الصنوبر الحلبي,3310,مدنين,33.3641198,10.6182476999999,26,مدنين,mdnin
منبت المرة,الكلتوس,4200,مدنين,33.3641199,10.6182476999999,26,مدنين,mdnin
منبت المرة,أكاسيا سليسنا,30000,مدنين,33.36412,10.6182476999999,26,مدنين,mdnin
منبت المرة,أكاسيا سكلوبيس,4300,مدنين,33.3641201,10.6182476999999,26,مدنين,mdnin
منبت المرة,السنط الازرق,NA,مدنين,33.3641202,10.6182476999999,26,مدنين,mdnin
منبت المرة,قطف هليميس,NA,مدنين,33.3641203,10.6182476999999,26,مدنين,mdnin
منبت المرة,قطف نميلاريا,11200,مدنين,33.3641204,10.6182476999999,26,مدنين,mdnin
منبت المرة,أزل,1500,مدنين,33.3641205,10.6182476999999,26,مدنين,mdnin
منبت المرة,حلاب,3000,مدنين,33.3641206,10.6182476999999,26,مدنين,mdnin
منبت المرة,هندي,NA,مدنين,33.3641207,10.6182476999999,26,مدنين,mdnin
منبت المرة,سرول,46200,مدنين,33.3641208,10.6182476999999,26,مدنين,mdnin
منبت المرة,كازورينا,37700,مدنين,33.3641209,10.6182476999999,26,مدنين,mdnin
منبت المرة,أكاسيا شوكية,3700,مدنين,33.364121,10.6182476999999,26,مدنين,mdnin
منبت المرة,خروب,4000,مدنين,33.3641211,10.6182476999999,26,مدنين,mdnin
منبت المرة,توت,20,مدنين,33.3641212,10.6182476999999,26,مدنين,mdnin
منبت المرة,واشنطونيا,15,مدنين,33.3641213,10.6182476999999,26,مدنين,mdnin
منبت المرة,فيكيس,2350,مدنين,33.3641214,10.6182476999999,26,مدنين,mdnin
منبت المرة,سدروكلون,NA,مدنين,33.3641215,10.6182476999999,26,مدنين,mdnin
منبت المرة,فلفل اكحل كاذب,NA,مدنين,33.3641216,10.6182476999999,26,مدنين,mdnin
منبت المرة,سكينيس تريبنتفليس,NA,مدنين,33.3641217,10.6182476999999,26,مدنين,mdnin
منبت المرة,مسك الليل,NA,مدنين,33.3641218,10.6182476999999,26,مدنين,mdnin
منبت المرة,ابيسكيس,75,مدنين,33.3641219,10.6182476999999,26,مدنين,mdnin
منبت المرة,تكوما,NA,مدنين,33.364122,10.6182476999999,26,مدنين,mdnin
منبت المرة,دفلة,5150,مدنين,33.3641221,10.6182476999999,26,مدنين,mdnin
منبت المرة,ورد,NA,مدنين,33.3641222,10.6182476999999,26,مدنين,mdnin
منبت المرة,زيزفون,NA,مدنين,33.3641223,10.6182476999999,26,مدنين,mdnin
منبت المرة,ألبيزيا,NA,مدنين,33.3641224,10.6182476999999,26,مدنين,mdnin
منبت المرة,صبار,NA,مدنين,33.3641225,10.6182476999999,26,مدنين,mdnin
منبت المرة,جرنيوم,NA,مدنين,33.3641226,10.6182476999999,26,مدنين,mdnin
منبت المرة,عنبر,4750,مدنين,33.3641227,10.6182476999999,26,مدنين,mdnin
منبت المرة,سامين (فل),NA,مدنين,33.3641228,10.6182476999999,26,مدنين,mdnin
منبت المرة,بوقنفيلي,NA,مدنين,33.3641229,10.6182476999999,26,مدنين,mdnin
منبت المرة,أنواع أخرى,NA,مدنين,33.364123,10.6182476999999,26,مدنين,mdnin
منبت المرة,ميبروم,NA,مدنين,33.3641231,10.6182476999999,26,مدنين,mdnin
منبت المرة,لقيستروم,NA,مدنين,33.3641232,10.6182476999999,26,مدنين,mdnin
منبت المرة,الريحان,NA,مدنين,33.3641233,10.6182476999999,26,مدنين,mdnin
منبت المرة,الاكليل,NA,مدنين,33.3641234,10.6182476999999,26,مدنين,mdnin
منبت المرة,لنتنا,90,مدنين,33.3641235,10.6182476999999,26,مدنين,mdnin
منبت المرة,الصوجا,NA,مدنين,33.3641236,10.6182476999999,26,مدنين,mdnin
منبت المرة,الخزامة,30,مدنين,33.3641237,10.6182476999999,26,مدنين,mdnin
منبت المرة,قزانيا,NA,مدنين,33.3641238,10.6182476999999,26,مدنين,mdnin
منبت صفاقس,الصنوبر الحلبي,500,صفاقس,34.7398219999999,10.7600195999999,10,صفاقس,sfax
منبت صفاقس,الكلتوس,12000,صفاقس,34.7398219999999,10.7600195999999,10,صفاقس,sfax
منبت صفاقس,أكاسيا سليسنا,22000,صفاقس,34.7398219999999,10.7600195999999,10,صفاقس,sfax
منبت صفاقس,السنط الازرق,20000,صفاقس,34.7398219999999,10.7600195999999,10,صفاقس,sfax
منبت صفاقس,قطف نميلاريا,500,صفاقس,34.7398219999999,10.7600195999999,10,صفاقس,sfax
منبت صفاقس,ارطا(calligonum),5000,صفاقس,34.7398219999999,10.7600195999999,10,صفاقس,sfax
منبت صفاقس,بروزوبيس,15000,صفاقس,34.7398219999999,10.7600195999999,10,صفاقس,sfax
منبت صفاقس,سرول,4000,صفاقس,34.7398219999999,10.7600195999999,10,صفاقس,sfax
منبت صفاقس,كازورينا,25000,صفاقس,34.7398219999999,10.7600195999999,10,صفاقس,sfax
منبت صفاقس,أكاسيا شوكية,3000,صفاقس,34.7398219999999,10.7600195999999,10,صفاقس,sfax
منبت صفاقس,خروب,200,صفاقس,34.7398219999999,10.7600195999999,10,صفاقس,sfax
منبت صفاقس,نخل,5000,صفاقس,34.7398219999999,10.7600195999999,10,صفاقس,sfax
منبت صفاقس,فيكيس,250,صفاقس,34.7398219999999,10.7600195999999,10,صفاقس,sfax
منبت صفاقس,فلفل اكحل كاذب,1500,صفاقس,34.7398219999999,10.7600195999999,10,صفاقس,sfax
منبت صفاقس,ميليا,500,صفاقس,34.7398219999999,10.7600195999999,10,صفاقس,sfax
منبت صفاقس,مورنقا,50,صفاقس,34.7398219999999,10.7600195999999,10,صفاقس,sfax
منبت صفاقس,ابيسكيس,800,صفاقس,34.7398219999999,10.7600195999999,10,صفاقس,sfax
منبت صفاقس,تكوما,1200,صفاقس,34.7398219999999,10.7600195999999,10,صفاقس,sfax
منبت صفاقس,دفلة,4000,صفاقس,34.7398219999999,10.7600195999999,10,صفاقس,sfax
منبت صفاقس,تريبستيا,200,صفاقس,34.7398219999999,10.7600195999999,10,صفاقس,sfax
منبت صفاقس,جرنيوم,600,صفاقس,34.7398219999999,10.7600195999999,10,صفاقس,sfax
منبت صفاقس,زعتر,2500,صفاقس,34.7398219999999,10.7600195999999,10,صفاقس,sfax
منبت صفاقس,سامين ( مشموش),500,صفاقس,34.7398219999999,10.7600195999999,10,صفاقس,sfax
منبت صفاقس,بوقنفيلي,300,صفاقس,34.7398219999999,10.7600195999999,10,صفاقس,sfax
منبت صفاقس,أنواع أخرى,3650,صفاقس,34.7398219999999,10.7600195999999,10,صفاقس,sfax
منبت صفاقس,ميبروم,3000,صفاقس,34.7398219999999,10.7600195999999,10,صفاقس,sfax
منبت صفاقس,الاكليل,NA,صفاقس,34.7398219999999,10.7600195999999,10,صفاقس,sfax
منبت صفاقس,لنتنا,NA,صفاقس,34.7398219999999,10.7600195999999,10,صفاقس,sfax
منبت عقارب,الصنوبر الحلبي,NA,صفاقس,34.7179408999999,10.4846227,10,صفاقس,sfax
منبت عقارب,الكلتوس,1500,صفاقس,34.7179408999999,10.4846227,10,صفاقس,sfax
منبت عقارب,أكاسيا سليسنا,20000,صفاقس,34.7179408999999,10.4846227,10,صفاقس,sfax
منبت عقارب,السنط الازرق,11000,صفاقس,34.7179408999999,10.4846227,10,صفاقس,sfax
منبت عقارب,قطف نميلاريا,1000,صفاقس,34.7179408999999,10.4846227,10,صفاقس,sfax
منبت عقارب,ارطا(calligonum),NA,صفاقس,34.7179408999999,10.4846227,10,صفاقس,sfax
منبت عقارب,بروزوبيس,100,صفاقس,34.7179408999999,10.4846227,10,صفاقس,sfax
منبت عقارب,سرول,300,صفاقس,34.7179408999999,10.4846227,10,صفاقس,sfax
منبت عقارب,كازورينا,8000,صفاقس,34.7179408999999,10.4846227,10,صفاقس,sfax
منبت عقارب,أكاسيا شوكية,NA,صفاقس,34.7179408999999,10.4846227,10,صفاقس,sfax
منبت عقارب,خروب,66,صفاقس,34.7179408999999,10.4846227,10,صفاقس,sfax
منبت عقارب,نخل,64,صفاقس,34.7179408999999,10.4846227,10,صفاقس,sfax
منبت عقارب,فيكيس,1000,صفاقس,34.7179408999999,10.4846227,10,صفاقس,sfax
منبت عقارب,فلفل اكحل كاذب,NA,صفاقس,34.7179408999999,10.4846227,10,صفاقس,sfax
منبت عقارب,ميليا,NA,صفاقس,34.7179408999999,10.4846227,10,صفاقس,sfax
منبت عقارب,مورنقا,NA,صفاقس,34.7179408999999,10.4846227,10,صفاقس,sfax
منبت عقارب,ابيسكيس,42,صفاقس,34.7179408999999,10.4846227,10,صفاقس,sfax
منبت عقارب,تكوما,NA,صفاقس,34.7179408999999,10.4846227,10,صفاقس,sfax
منبت عقارب,دفلة,NA,صفاقس,34.7179408999999,10.4846227,10,صفاقس,sfax
منبت عقارب,تريبستيا,NA,صفاقس,34.7179408999999,10.4846227,10,صفاقس,sfax
منبت عقارب,جرنيوم,NA,صفاقس,34.7179408999999,10.4846227,10,صفاقس,sfax
منبت عقارب,زعتر,NA,صفاقس,34.7179408999999,10.4846227,10,صفاقس,sfax
منبت عقارب,سامين ( مشموش),NA,صفاقس,34.7179408999999,10.4846227,10,صفاقس,sfax
منبت عقارب,بوقنفيلي,200,صفاقس,34.7179408999999,10.4846227,10,صفاقس,sfax
منبت عقارب,أنواع أخرى,NA,صفاقس,34.7179408999999,10.4846227,10,صفاقس,sfax
منبت عقارب,ميبروم,80,صفاقس,34.7179408999999,10.4846227,10,صفاقس,sfax
منبت عقارب,الاكليل,120,صفاقس,34.7179408999999,10.4846227,10,صفاقس,sfax
منبت عقارب,لنتنا,200,صفاقس,34.7179408999999,10.4846227,10,صفاقس,sfax
منبت الصخيرة,الصنوبر الحلبي,NA,صفاقس,34.2976247,10.0751331,10,صفاقس,sfax
منبت الصخيرة,الكلتوس,NA,صفاقس,34.2976248,10.0751331,10,صفاقس,sfax
منبت الصخيرة,أكاسيا سليسنا,20000,صفاقس,34.2976249,10.0751331,10,صفاقس,sfax
منبت الصخيرة,السنط الازرق,30000,صفاقس,34.297625,10.0751331,10,صفاقس,sfax
منبت الصخيرة,قطف نميلاريا,NA,صفاقس,34.2976251,10.0751331,10,صفاقس,sfax
منبت الصخيرة,ارطا(calligonum),NA,صفاقس,34.2976252,10.0751331,10,صفاقس,sfax
منبت الصخيرة,بروزوبيس,NA,صفاقس,34.2976253,10.0751331,10,صفاقس,sfax
منبت الصخيرة,سرول,7000,صفاقس,34.2976254,10.0751331,10,صفاقس,sfax
منبت الصخيرة,كازورينا,7000,صفاقس,34.2976255,10.0751331,10,صفاقس,sfax
منبت الصخيرة,أكاسيا شوكية,NA,صفاقس,34.2976256,10.0751331,10,صفاقس,sfax
منبت الصخيرة,خروب,NA,صفاقس,34.2976257,10.0751331,10,صفاقس,sfax
منبت الصخيرة,نخل,NA,صفاقس,34.2976258,10.0751331,10,صفاقس,sfax
منبت الصخيرة,فيكيس,NA,صفاقس,34.2976259,10.0751331,10,صفاقس,sfax
منبت الصخيرة,فلفل اكحل كاذب,NA,صفاقس,34.297626,10.0751331,10,صفاقس,sfax
منبت الصخيرة,ميليا,NA,صفاقس,34.2976261,10.0751331,10,صفاقس,sfax
منبت الصخيرة,مورنقا,NA,صفاقس,34.2976262,10.0751331,10,صفاقس,sfax
منبت الصخيرة,ابيسكيس,NA,صفاقس,34.2976263,10.0751331,10,صفاقس,sfax
منبت الصخيرة,تكوما,NA,صفاقس,34.2976264,10.0751331,10,صفاقس,sfax
منبت الصخيرة,دفلة,NA,صفاقس,34.2976265,10.0751331,10,صفاقس,sfax
منبت الصخيرة,تريبستيا,NA,صفاقس,34.2976266,10.0751331,10,صفاقس,sfax
منبت الصخيرة,جرنيوم,NA,صفاقس,34.2976267,10.0751331,10,صفاقس,sfax
منبت الصخيرة,زعتر,NA,صفاقس,34.2976268,10.0751331,10,صفاقس,sfax
منبت الصخيرة,سامين ( مشموش),NA,صفاقس,34.2976269,10.0751331,10,صفاقس,sfax
منبت الصخيرة,بوقنفيلي,NA,صفاقس,34.297627,10.0751331,10,صفاقس,sfax
منبت الصخيرة,أنواع أخرى,NA,صفاقس,34.2976271,10.0751331,10,صفاقس,sfax
منبت الصخيرة,ميبروم,NA,صفاقس,34.2976272,10.0751331,10,صفاقس,sfax
منبت الصخيرة,الاكليل,NA,صفاقس,34.2976273,10.0751331,10,صفاقس,sfax
منبت الصخيرة,لنتنا,NA,صفاقس,34.2976274,10.0751331,10,صفاقس,sfax
منبت بئر بن كاملة,الصنوبر الحلبي,NA,مهدية,35.5024461,11.0457209999999,35,المهدية,almhdia
منبت بئر بن كاملة,الكلتوس,1200,مهدية,35.5024462,11.0457209999999,35,المهدية,almhdia
منبت بئر بن كاملة,السنط الازرق,17000,مهدية,35.5024463,11.0457209999999,35,المهدية,almhdia
منبت بئر بن كاملة,قطف نميلاريا,NA,مهدية,35.5024464,11.0457209999999,35,المهدية,almhdia
منبت بئر بن كاملة,اكاسيا سيكلوبيس,NA,مهدية,35.5024465,11.0457209999999,35,المهدية,almhdia
منبت بئر بن كاملة,سرول,NA,مهدية,35.5024466,11.0457209999999,35,المهدية,almhdia
منبت بئر بن كاملة,كازورينا,6000,مهدية,35.5024467,11.0457209999999,35,المهدية,almhdia
منبت بئر بن كاملة,أكاسيا شوكية,NA,مهدية,35.5024468,11.0457209999999,35,المهدية,almhdia
منبت بئر بن كاملة,واشنطونيا,2500,مهدية,35.5024469,11.0457209999999,35,المهدية,almhdia
منبت بئر بن كاملة,نخل,3000,مهدية,35.502447,11.0457209999999,35,المهدية,almhdia
منبت بئر بن كاملة,فيكيس,NA,مهدية,35.5024471,11.0457209999999,35,المهدية,almhdia
منبت بئر بن كاملة,دفلة,1200,مهدية,35.5024472,11.0457209999999,35,المهدية,almhdia
منبت بئر بن كاملة,جيستسيا,NA,مهدية,35.5024473,11.0457209999999,35,المهدية,almhdia
منبت بئر بن كاملة,ديمورفيتكا,1000,مهدية,35.5024474,11.0457209999999,35,المهدية,almhdia
منبت بئر بن كاملة,جرنيوم,1000,مهدية,35.5024475,11.0457209999999,35,المهدية,almhdia
منبت بئر بن كاملة,ست مريم,100,مهدية,35.502447600000004,11.0457209999999,35,المهدية,almhdia
منبت بئر بن كاملة,فيجل,250,مهدية,35.5024477,11.0457209999999,35,المهدية,almhdia
منبت بئر بن كاملة,قزانيا,1500,مهدية,35.5024478,11.0457209999999,35,المهدية,almhdia
منبت بئر بن كاملة,بوقنفيلي,NA,مهدية,35.5024479,11.0457209999999,35,المهدية,almhdia
منبت بئر بن كاملة,بتوسبروم,2000,مهدية,35.502448,11.0457209999999,35,المهدية,almhdia
منبت بئر بن كاملة,لنتنا,NA,مهدية,35.5024481,11.0457209999999,35,المهدية,almhdia
منبت بئر بن كاملة,فليو,400,مهدية,35.5024482,11.0457209999999,35,المهدية,almhdia
منبت الكساسبة,الصنوبر الحلبي,5000,مهدية,35.4173037328933,11.0465187949638,35,المهدية,almhdia
منبت الكساسبة,الكلتوس,8800,مهدية,35.4173037328933,11.0465187949638,35,المهدية,almhdia
منبت الكساسبة,السنط الازرق,100000,مهدية,35.4173037328933,11.0465187949638,35,المهدية,almhdia
منبت الكساسبة,قطف نميلاريا,6000,مهدية,35.4173037328933,11.0465187949638,35,المهدية,almhdia
منبت الكساسبة,اكاسيا سيكلوبيس,9000,مهدية,35.4173037328933,11.0465187949638,35,المهدية,almhdia
منبت الكساسبة,سرول,40000,مهدية,35.4173037328933,11.0465187949638,35,المهدية,almhdia
منبت الكساسبة,كازورينا,11000,مهدية,35.4173037328933,11.0465187949638,35,المهدية,almhdia
منبت الكساسبة,أكاسيا شوكية,10000,مهدية,35.4173037328933,11.0465187949638,35,المهدية,almhdia
منبت الكساسبة,واشنطونيا,NA,مهدية,35.4173037328933,11.0465187949638,35,المهدية,almhdia
منبت الكساسبة,نخل,NA,مهدية,35.4173037328933,11.0465187949638,35,المهدية,almhdia
منبت الكساسبة,فيكيس,1600,مهدية,35.4173037328933,11.0465187949638,35,المهدية,almhdia
منبت الكساسبة,دفلة,2500,مهدية,35.4173037328933,11.0465187949638,35,المهدية,almhdia
منبت الكساسبة,جيستسيا,300,مهدية,35.4173037328933,11.0465187949638,35,المهدية,almhdia
منبت الكساسبة,ديمورفيتكا,NA,مهدية,35.4173037328933,11.0465187949638,35,المهدية,almhdia
منبت الكساسبة,جرنيوم,800,مهدية,35.4173037328933,11.0465187949638,35,المهدية,almhdia
منبت الكساسبة,ست مريم,100,مهدية,35.4173037328933,11.0465187949638,35,المهدية,almhdia
منبت الكساسبة,فيجل,NA,مهدية,35.4173037328933,11.0465187949638,35,المهدية,almhdia
منبت الكساسبة,قزانيا,NA,مهدية,35.4173037328933,11.0465187949638,35,المهدية,almhdia
منبت الكساسبة,بوقنفيلي,200,مهدية,35.4173037328933,11.0465187949638,35,المهدية,almhdia
منبت الكساسبة,بتوسبروم,4000,مهدية,35.4173037328933,11.0465187949638,35,المهدية,almhdia
منبت الكساسبة,لنتنا,430,مهدية,35.4173037328933,11.0465187949638,35,المهدية,almhdia
منبت الكساسبة,فليو,NA,مهدية,35.4173037328933,11.0465187949638,35,المهدية,almhdia
منبت شط مريم,الصنوبر الحلبي,34892,سوسة,35.9150697,10.5602217,12,سوسة,sousse
منبت شط مريم,الكلتوس,27375,سوسة,35.9150698,10.5602217,12,سوسة,sousse
منبت شط مريم,السنط الازرق,11462,سوسة,35.9150699,10.5602217,12,سوسة,sousse
منبت شط مريم,قطف هليميس,5000,سوسة,35.91507,10.5602217,12,سوسة,sousse
منبت شط مريم,قطف نميلاريا,NA,سوسة,35.9150701,10.5602217,12,سوسة,sousse
منبت شط مريم,فصة علفية,17250,سوسة,35.9150702,10.5602217,12,سوسة,sousse
منبت شط مريم,بروزوبيس,5000,سوسة,35.915070299999996,10.5602217,12,سوسة,sousse
منبت شط مريم,أكاسيا سكلوبيس,NA,سوسة,35.9150704,10.5602217,12,سوسة,sousse
منبت شط مريم,سرول,168239,سوسة,35.9150705,10.5602217,12,سوسة,sousse
منبت شط مريم,كازورينا,52826,سوسة,35.9150706,10.5602217,12,سوسة,sousse
منبت شط مريم,أكاسيا شوكية,25368,سوسة,35.9150707,10.5602217,12,سوسة,sousse
منبت شط مريم,خروب,14471,سوسة,35.9150708,10.5602217,12,سوسة,sousse
منبت شط مريم,واشنطونيا,2000,سوسة,35.9150709,10.5602217,12,سوسة,sousse
منبت شط مريم,فيكيس,2154,سوسة,35.915071,10.5602217,12,سوسة,sousse
منبت شط مريم,فيكيس كنارينسيس,NA,سوسة,35.9150711,10.5602217,12,سوسة,sousse
منبت شط مريم,سدروكلون,1700,سوسة,35.9150712,10.5602217,12,سوسة,sousse
منبت شط مريم,فلفل اكحل كاذب,NA,سوسة,35.9150713,10.5602217,12,سوسة,sousse
منبت شط مريم,ابيسكيس,1800,سوسة,35.9150714,10.5602217,12,سوسة,sousse
منبت شط مريم,تكوما,1600,سوسة,35.9150715,10.5602217,12,سوسة,sousse
منبت شط مريم,دفلة,474,سوسة,35.9150716,10.5602217,12,سوسة,sousse
منبت شط مريم,ورد,700,سوسة,35.9150717,10.5602217,12,سوسة,sousse
منبت شط مريم,جرنيوم,2000,سوسة,35.9150718,10.5602217,12,سوسة,sousse
منبت شط مريم,بوقنفيلي,NA,سوسة,35.9150719,10.5602217,12,سوسة,sousse
منبت شط مريم,ميبروم,NA,سوسة,35.915072,10.5602217,12,سوسة,sousse
منبت شط مريم,الاكليل,NA,سوسة,35.9150721,10.5602217,12,سوسة,sousse
منبت شط مريم,سبحان الخلاق,NA,سوسة,35.9150722,10.5602217,12,سوسة,sousse
منبت رميل,الصنوبر الحلبي,42500,سوسة,35.8245029,10.634584,12,سوسة,sousse
منبت رميل,الكلتوس,28600,سوسة,35.824503,10.634584,12,سوسة,sousse
منبت رميل,السنط الازرق,186000,سوسة,35.8245031,10.634584,12,سوسة,sousse
منبت رميل,قطف هليميس,4700,سوسة,35.8245032,10.634584,12,سوسة,sousse
منبت رميل,قطف نميلاريا,22000,سوسة,35.8245033,10.634584,12,سوسة,sousse
منبت رميل,فصة علفية,2400,سوسة,35.8245034,10.634584,12,سوسة,sousse
منبت رميل,بروزوبيس,100,سوسة,35.8245035,10.634584,12,سوسة,sousse
منبت رميل,أكاسيا سكلوبيس,4752,سوسة,35.8245036,10.634584,12,سوسة,sousse
منبت رميل,سرول,173000,سوسة,35.8245037,10.634584,12,سوسة,sousse
منبت رميل,كازورينا,13900,سوسة,35.8245038,10.634584,12,سوسة,sousse
منبت رميل,أكاسيا شوكية,5717,سوسة,35.8245039,10.634584,12,سوسة,sousse
منبت رميل,خروب,700,سوسة,35.824504,10.634584,12,سوسة,sousse
منبت رميل,واشنطونيا,9700,سوسة,35.8245041,10.634584,12,سوسة,sousse
منبت رميل,فيكيس,537,سوسة,35.8245042,10.634584,12,سوسة,sousse
منبت رميل,فيكيس كنارينسيس,NA,سوسة,35.8245043,10.634584,12,سوسة,sousse
منبت رميل,سدروكلون,120,سوسة,35.8245044,10.634584,12,سوسة,sousse
منبت رميل,فلفل اكحل كاذب,900,سوسة,35.8245045,10.634584,12,سوسة,sousse
منبت رميل,ابيسكيس,400,سوسة,35.8245046,10.634584,12,سوسة,sousse
منبت رميل,تكوما,NA,سوسة,35.8245047,10.634584,12,سوسة,sousse
منبت رميل,دفلة,823,سوسة,35.8245048,10.634584,12,سوسة,sousse
منبت رميل,ورد,NA,سوسة,35.8245049,10.634584,12,سوسة,sousse
منبت رميل,جرنيوم,2025,سوسة,35.824505,10.634584,12,سوسة,sousse
منبت رميل,بوقنفيلي,120,سوسة,35.8245051,10.634584,12,سوسة,sousse
منبت رميل,ميبروم,8800,سوسة,35.8245052,10.634584,12,سوسة,sousse
منبت رميل,الاكليل,650,سوسة,35.8245053,10.634584,12,سوسة,sousse
منبت رميل,سبحان الخلاق,500,سوسة,35.8245054,10.634584,12,سوسة,sousse
منبت بنبلة,الصنوبر الحلبي,6000,المنستير,35.6819710999999,10.766163,20,المنستير,monastir
منبت بنبلة,الكلتوس,12000,المنستير,35.6819710999999,10.766163,20,المنستير,monastir
منبت بنبلة,السنط الازرق,16434,المنستير,35.6819710999999,10.766163,20,المنستير,monastir
منبت بنبلة,قطف نميلاريا,2500,المنستير,35.6819710999999,10.766163,20,المنستير,monastir
منبت بنبلة,بروزوبيس,72,المنستير,35.6819710999999,10.766163,20,المنستير,monastir
منبت بنبلة,سرول,83893,المنستير,35.6819710999999,10.766163,20,المنستير,monastir
منبت بنبلة,كازورينا,12440,المنستير,35.6819710999999,10.766163,20,المنستير,monastir
منبت بنبلة,خروب,1600,المنستير,35.6819710999999,10.766163,20,المنستير,monastir
منبت بنبلة,كنا,NA,المنستير,35.6819710999999,10.766163,20,المنستير,monastir
منبت بنبلة,واشنطونيا,3346,المنستير,35.6819710999999,10.766163,20,المنستير,monastir
منبت بنبلة,فيكيس,5851,المنستير,35.6819710999999,10.766163,20,المنستير,monastir
منبت بنبلة,فلفل اكحل كاذب,530,المنستير,35.6819710999999,10.766163,20,المنستير,monastir
منبت بنبلة,ستسفيريا,995,المنستير,35.6819710999999,10.766163,20,المنستير,monastir
منبت بنبلة,ميليا,NA,المنستير,35.6819710999999,10.766163,20,المنستير,monastir
منبت بنبلة,كولايس,40,المنستير,35.6819710999999,10.766163,20,المنستير,monastir
منبت بنبلة,فوربيان,1060,المنستير,35.6819710999999,10.766163,20,المنستير,monastir
منبت بنبلة,مسك الليل,250,المنستير,35.6819710999999,10.766163,20,المنستير,monastir
منبت بنبلة,ابيسكيس,920,المنستير,35.6819710999999,10.766163,20,المنستير,monastir
منبت بنبلة,تكوما,382,المنستير,35.6819710999999,10.766163,20,المنستير,monastir
منبت بنبلة,دفلة,2315,المنستير,35.6819710999999,10.766163,20,المنستير,monastir
منبت بنبلة,تروان,500,المنستير,35.6819710999999,10.766163,20,المنستير,monastir
منبت بنبلة,ديمرفتكا,1500,المنستير,35.6819710999999,10.766163,20,المنستير,monastir
منبت بنبلة,أكاليفا,160,المنستير,35.6819710999999,10.766163,20,المنستير,monastir
منبت بنبلة,جيستسيا,12,المنستير,35.6819710999999,10.766163,20,المنستير,monastir
منبت بنبلة,برفونش,NA,المنستير,35.6819710999999,10.766163,20,المنستير,monastir
منبت بنبلة,عرعار,2000,المنستير,35.6819710999999,10.766163,20,المنستير,monastir
منبت بنبلة,كلوروفيتوم,3179,المنستير,35.6819710999999,10.766163,20,المنستير,monastir
منبت بنبلة,صبار,2000,المنستير,35.6819710999999,10.766163,20,المنستير,monastir
منبت بنبلة,جرنيوم,686,المنستير,35.6819710999999,10.766163,20,المنستير,monastir
منبت بنبلة,عطرشاء,1716,المنستير,35.6819710999999,10.766163,20,المنستير,monastir
منبت بنبلة,مردقوش,NA,المنستير,35.6819710999999,10.766163,20,المنستير,monastir
منبت بنبلة,قرنفل,1121,المنستير,35.6819710999999,10.766163,20,المنستير,monastir
منبت بنبلة,عنبر,420,المنستير,35.6819710999999,10.766163,20,المنستير,monastir
منبت بنبلة,شيح,270,المنستير,35.6819710999999,10.766163,20,المنستير,monastir
منبت بنبلة,هندي,2000,المنستير,35.6819710999999,10.766163,20,المنستير,monastir
منبت بنبلة,يوكا,NA,المنستير,35.6819710999999,10.766163,20,المنستير,monastir
منبت بنبلة,ست مريم,28,المنستير,35.6819710999999,10.766163,20,المنستير,monastir
منبت بنبلة,هدرا الاكس ( شعباطة),332,المنستير,35.6819710999999,10.766163,20,المنستير,monastir
منبت بنبلة,بوقنفيلي,150,المنستير,35.6819710999999,10.766163,20,المنستير,monastir
منبت بنبلة,شرببو,4000,المنستير,35.6819710999999,10.766163,20,المنستير,monastir
منبت بنبلة,سوسي,NA,المنستير,35.6819710999999,10.766163,20,المنستير,monastir
منبت بنبلة,بيديليا,NA,المنستير,35.6819710999999,10.766163,20,المنستير,monastir
منبت بنبلة,بتوسبروم,3360,المنستير,35.6819710999999,10.766163,20,المنستير,monastir
منبت بنبلة,ميبروم,1012,المنستير,35.6819710999999,10.766163,20,المنستير,monastir
منبت بنبلة,انتميس,6,المنستير,35.6819710999999,10.766163,20,المنستير,monastir
منبت بنبلة,الاكليل,3813,المنستير,35.6819710999999,10.766163,20,المنستير,monastir
منبت بنبلة,لنتنا,642,المنستير,35.6819710999999,10.766163,20,المنستير,monastir
منبت بنبلة,الصوجا,680,المنستير,35.6819710999999,10.766163,20,المنستير,monastir
منبت بنبلة,الترناتيرا,1006,المنستير,35.6819710999999,10.766163,20,المنستير,monastir
منبت بنبلة,بلمباقو,888,المنستير,35.6819710999999,10.766163,20,المنستير,monastir
منبت بنبلة,قزانيا,2130,المنستير,35.6819710999999,10.766163,20,المنستير,monastir
منبت منزل نور,الصنوبر الحلبي,9600,المنستير,35.6652605,10.7718025,20,المنستير,monastir
منبت منزل نور,الكلتوس,6000,المنستير,35.6652606,10.7718025,20,المنستير,monastir
منبت منزل نور,السنط الازرق,18000,المنستير,35.6652607,10.7718025,20,المنستير,monastir
منبت منزل نور,قطف نميلاريا,2700,المنستير,35.6652608,10.7718025,20,المنستير,monastir
منبت منزل نور,بروزوبيس,1000,المنستير,35.6652609,10.7718025,20,المنستير,monastir
منبت منزل نور,سرول,61116,المنستير,35.665261,10.7718025,20,المنستير,monastir
منبت منزل نور,كازورينا,4000,المنستير,35.6652611,10.7718025,20,المنستير,monastir
منبت منزل نور,خروب,1900,المنستير,35.6652612,10.7718025,20,المنستير,monastir
منبت منزل نور,كنا,1480,المنستير,35.6652613,10.7718025,20,المنستير,monastir
منبت منزل نور,واشنطونيا,5399,المنستير,35.6652614,10.7718025,20,المنستير,monastir
منبت منزل نور,فيكيس,1312,المنستير,35.6652615,10.7718025,20,المنستير,monastir
منبت منزل نور,فلفل اكحل كاذب,NA,المنستير,35.6652616,10.7718025,20,المنستير,monastir
منبت منزل نور,ستسفيريا,NA,المنستير,35.6652617,10.7718025,20,المنستير,monastir
منبت منزل نور,ميليا,225,المنستير,35.6652618,10.7718025,20,المنستير,monastir
منبت منزل نور,كولايس,247,المنستير,35.6652619,10.7718025,20,المنستير,monastir
منبت منزل نور,فوربيان,NA,المنستير,35.665262,10.7718025,20,المنستير,monastir
منبت منزل نور,مسك الليل,130,المنستير,35.6652621,10.7718025,20,المنستير,monastir
منبت منزل نور,ابيسكيس,719,المنستير,35.6652622,10.7718025,20,المنستير,monastir
منبت منزل نور,تكوما,1976,المنستير,35.6652623,10.7718025,20,المنستير,monastir
منبت منزل نور,دفلة,1562,المنستير,35.6652624,10.7718025,20,المنستير,monastir
منبت منزل نور,تروان,NA,المنستير,35.6652625,10.7718025,20,المنستير,monastir
منبت منزل نور,ديمرفتكا,50,المنستير,35.6652626,10.7718025,20,المنستير,monastir
منبت منزل نور,أكاليفا,540,المنستير,35.6652627,10.7718025,20,المنستير,monastir
منبت منزل نور,جيستسيا,101,المنستير,35.6652628,10.7718025,20,المنستير,monastir
منبت منزل نور,برفونش,326,المنستير,35.6652629,10.7718025,20,المنستير,monastir
منبت منزل نور,عرعار,1786,المنستير,35.665263,10.7718025,20,المنستير,monastir
منبت منزل نور,كلوروفيتوم,3890,المنستير,35.6652631,10.7718025,20,المنستير,monastir
منبت منزل نور,صبار,NA,المنستير,35.6652632,10.7718025,20,المنستير,monastir
منبت منزل نور,جرنيوم,3331,المنستير,35.6652633,10.7718025,20,المنستير,monastir
منبت منزل نور,عطرشاء,2442,المنستير,35.6652634,10.7718025,20,المنستير,monastir
منبت منزل نور,مردقوش,518,المنستير,35.6652635,10.7718025,20,المنستير,monastir
منبت منزل نور,قرنفل,1112,المنستير,35.6652636,10.7718025,20,المنستير,monastir
منبت منزل نور,عنبر,450,المنستير,35.6652637,10.7718025,20,المنستير,monastir
منبت منزل نور,شيح,505,المنستير,35.6652638,10.7718025,20,المنستير,monastir
منبت منزل نور,هندي,1567,المنستير,35.6652639,10.7718025,20,المنستير,monastir
منبت منزل نور,يوكا,28,المنستير,35.665264,10.7718025,20,المنستير,monastir
منبت منزل نور,ست مريم,110,المنستير,35.6652641,10.7718025,20,المنستير,monastir
منبت منزل نور,هدرا الاكس ( شعباطة),2035,المنستير,35.6652642,10.7718025,20,المنستير,monastir
منبت منزل نور,بوقنفيلي,1358,المنستير,35.6652643,10.7718025,20,المنستير,monastir
منبت منزل نور,شرببو,3230,المنستير,35.6652644,10.7718025,20,المنستير,monastir
منبت منزل نور,سوسي,364,المنستير,35.6652645,10.7718025,20,المنستير,monastir
منبت منزل نور,بيديليا,100,المنستير,35.6652646,10.7718025,20,المنستير,monastir
منبت منزل نور,بتوسبروم,5641,المنستير,35.6652647,10.7718025,20,المنستير,monastir
منبت منزل نور,ميبروم,2060,المنستير,35.6652648,10.7718025,20,المنستير,monastir
منبت منزل نور,انتميس,449,المنستير,35.6652649,10.7718025,20,المنستير,monastir
منبت منزل نور,الاكليل,1520,المنستير,35.665265,10.7718025,20,المنستير,monastir
منبت منزل نور,لنتنا,146,المنستير,35.6652651,10.7718025,20,المنستير,monastir
منبت منزل نور,الصوجا,NA,المنستير,35.6652652,10.7718025,20,المنستير,monastir
منبت منزل نور,الترناتيرا,2373,المنستير,35.6652653,10.7718025,20,المنستير,monastir
منبت منزل نور,بلمباقو,61,المنستير,35.6652654,10.7718025,20,المنستير,monastir
منبت منزل نور,قزانيا,1708,المنستير,35.6652655,10.7718025,20,المنستير,monastir
منبت الشبيكة,الصنوبر الحلبي,4400,القيروان,35.6181201,9.92555419999996,13,القيروان,kairouan
منبت الشبيكة,الكلتوس,3550,القيروان,35.6181202,9.92555419999996,13,القيروان,kairouan
منبت الشبيكة,الطاقة,NA,القيروان,35.6181203,9.92555419999996,13,القيروان,kairouan
منبت الشبيكة,السنط الازرق,63405,القيروان,35.6181204,9.92555419999996,13,القيروان,kairouan
منبت الشبيكة,فصة شجرية,875,القيروان,35.6181205,9.92555419999996,13,القيروان,kairouan
منبت الشبيكة,اكاسيا اوبرينا,NA,القيروان,35.6181206,9.92555419999996,13,القيروان,kairouan
منبت الشبيكة,سرول,130775,القيروان,35.6181207,9.92555419999996,13,القيروان,kairouan
منبت الشبيكة,كازورينا,NA,القيروان,35.6181208,9.92555419999996,13,القيروان,kairouan
منبت الشبيكة,خروب,16832,القيروان,35.6181209,9.92555419999996,13,القيروان,kairouan
منبت الشبيكة,توت,3009,القيروان,35.618121,9.92555419999996,13,القيروان,kairouan
منبت الشبيكة,بطوم,NA,القيروان,35.6181211,9.92555419999996,13,القيروان,kairouan
منبت الشبيكة,نخل,NA,القيروان,35.6181212,9.92555419999996,13,القيروان,kairouan
منبت الشبيكة,فيكيس,1400,القيروان,35.6181213,9.92555419999996,13,القيروان,kairouan
منبت الشبيكة,دردار,NA,القيروان,35.6181214,9.92555419999996,13,القيروان,kairouan
منبت الشبيكة,ميليا,2800,القيروان,35.6181215,9.92555419999996,13,القيروان,kairouan
منبت الشبيكة,مسك الليل,50,القيروان,35.6181216,9.92555419999996,13,القيروان,kairouan
منبت الشبيكة,ورد,NA,القيروان,35.6181217,9.92555419999996,13,القيروان,kairouan
منبت الشبيكة,عرعار,NA,القيروان,35.6181218,9.92555419999996,13,القيروان,kairouan
منبت الشبيكة,ست مريم,NA,القيروان,35.6181219,9.92555419999996,13,القيروان,kairouan
منبت الشبيكة,بوقنفيلي,200,القيروان,35.618122,9.92555419999996,13,القيروان,kairouan
منبت الشبيكة,لوسيانا,2400,القيروان,35.6181221,9.92555419999996,13,القيروان,kairouan
منبت الشبيكة,ميبروم,4000,القيروان,35.6181222,9.92555419999996,13,القيروان,kairouan
منبت الشبيكة,الاكليل,140,القيروان,35.6181223,9.92555419999996,13,القيروان,kairouan
منبت الشبيكة,لنتنا,120,القيروان,35.6181224,9.92555419999996,13,القيروان,kairouan
منبت الشبيكة,بودليا,NA,القيروان,35.6181225,9.92555419999996,13,القيروان,kairouan
منبت الوسلاتية,الصنوبر الحلبي,10000,القيروان,35.8519185,9.59516940000003,13,القيروان,kairouan
منبت الوسلاتية,الكلتوس,33945,القيروان,35.8519186,9.59516940000003,13,القيروان,kairouan
منبت الوسلاتية,الطاقة,NA,القيروان,35.8519187,9.59516940000003,13,القيروان,kairouan
منبت الوسلاتية,السنط الازرق,10000,القيروان,35.8519188,9.59516940000003,13,القيروان,kairouan
منبت الوسلاتية,فصة شجرية,NA,القيروان,35.8519189,9.59516940000003,13,القيروان,kairouan
منبت الوسلاتية,اكاسيا اوبرينا,NA,القيروان,35.851919,9.59516940000003,13,القيروان,kairouan
منبت الوسلاتية,سرول,125075,القيروان,35.8519191,9.59516940000003,13,القيروان,kairouan
منبت الوسلاتية,كازورينا,3230,القيروان,35.8519192,9.59516940000003,13,القيروان,kairouan
منبت الوسلاتية,خروب,28640,القيروان,35.8519193,9.59516940000003,13,القيروان,kairouan
منبت الوسلاتية,توت,NA,القيروان,35.8519194,9.59516940000003,13,القيروان,kairouan
منبت الوسلاتية,بطوم,NA,القيروان,35.8519195,9.59516940000003,13,القيروان,kairouan
منبت الوسلاتية,نخل,120,القيروان,35.8519196,9.59516940000003,13,القيروان,kairouan
منبت الوسلاتية,فيكيس,3000,القيروان,35.8519197,9.59516940000003,13,القيروان,kairouan
منبت الوسلاتية,دردار,NA,القيروان,35.8519198,9.59516940000003,13,القيروان,kairouan
منبت الوسلاتية,ميليا,NA,القيروان,35.8519199,9.59516940000003,13,القيروان,kairouan
منبت الوسلاتية,مسك الليل,NA,القيروان,35.85192,9.59516940000003,13,القيروان,kairouan
منبت الوسلاتية,ورد,NA,القيروان,35.8519201,9.59516940000003,13,القيروان,kairouan
منبت الوسلاتية,عرعار,1000,القيروان,35.8519202,9.59516940000003,13,القيروان,kairouan
منبت الوسلاتية,ست مريم,NA,القيروان,35.8519203,9.59516940000003,13,القيروان,kairouan
منبت الوسلاتية,بوقنفيلي,NA,القيروان,35.8519204,9.59516940000003,13,القيروان,kairouan
منبت الوسلاتية,لوسيانا,NA,القيروان,35.8519205,9.59516940000003,13,القيروان,kairouan
منبت الوسلاتية,ميبروم,4000,القيروان,35.8519206,9.59516940000003,13,القيروان,kairouan
منبت الوسلاتية,الاكليل,NA,القيروان,35.8519207,9.59516940000003,13,القيروان,kairouan
منبت الوسلاتية,لنتنا,NA,القيروان,35.8519208,9.59516940000003,13,القيروان,kairouan
منبت الوسلاتية,بودليا,NA,القيروان,35.8519209,9.59516940000003,13,القيروان,kairouan
منبت الحاجب,الصنوبر الحلبي,118000,القيروان,35.3929351,9.54231649999997,13,القيروان,kairouan
منبت الحاجب,الكلتوس,1000,القيروان,35.3929352,9.54231649999997,13,القيروان,kairouan
منبت الحاجب,الطاقة,400,القيروان,35.3929353,9.54231649999997,13,القيروان,kairouan
منبت الحاجب,السنط الازرق,103000,القيروان,35.3929354,9.54231649999997,13,القيروان,kairouan
منبت الحاجب,فصة شجرية,NA,القيروان,35.3929355,9.54231649999997,13,القيروان,kairouan
منبت الحاجب,اكاسيا اوبرينا,NA,القيروان,35.3929356,9.54231649999997,13,القيروان,kairouan
منبت الحاجب,سرول,26500,القيروان,35.3929357,9.54231649999997,13,القيروان,kairouan
منبت الحاجب,كازورينا,20000,القيروان,35.3929358,9.54231649999997,13,القيروان,kairouan
منبت الحاجب,خروب,NA,القيروان,35.3929359,9.54231649999997,13,القيروان,kairouan
منبت الحاجب,توت,NA,القيروان,35.392936,9.54231649999997,13,القيروان,kairouan
منبت الحاجب,بطوم,150,القيروان,35.3929361,9.54231649999997,13,القيروان,kairouan
منبت الحاجب,نخل,800,القيروان,35.3929362,9.54231649999997,13,القيروان,kairouan
منبت الحاجب,فيكيس,1085,القيروان,35.3929363,9.54231649999997,13,القيروان,kairouan
منبت الحاجب,دردار,3200,القيروان,35.3929364,9.54231649999997,13,القيروان,kairouan
منبت الحاجب,ميليا,1000,القيروان,35.3929365,9.54231649999997,13,القيروان,kairouan
منبت الحاجب,مسك الليل,NA,القيروان,35.3929366,9.54231649999997,13,القيروان,kairouan
منبت الحاجب,ورد,400,القيروان,35.3929367,9.54231649999997,13,القيروان,kairouan
منبت الحاجب,عرعار,NA,القيروان,35.3929368,9.54231649999997,13,القيروان,kairouan
منبت الحاجب,ست مريم,250,القيروان,35.3929369,9.54231649999997,13,القيروان,kairouan
منبت الحاجب,بوقنفيلي,NA,القيروان,35.392937,9.54231649999997,13,القيروان,kairouan
منبت الحاجب,لوسيانا,NA,القيروان,35.3929371,9.54231649999997,13,القيروان,kairouan
منبت الحاجب,ميبروم,2700,القيروان,35.3929372,9.54231649999997,13,القيروان,kairouan
منبت الحاجب,الاكليل,140,القيروان,35.3929373,9.54231649999997,13,القيروان,kairouan
منبت الحاجب,لنتنا,250,القيروان,35.3929374,9.54231649999997,13,القيروان,kairouan
منبت الحاجب,بودليا,200,القيروان,35.3929375,9.54231649999997,13,القيروان,kairouan
منبت حمام بنت الجديدي,صموبر ثمزي,NA,نابل,36.3926485,10.3792670999999,11,نابل,nabeul
منبت حمام بنت الجديدي,الفلين,NA,نابل,36.3926486,10.3792670999999,11,نابل,nabeul
منبت حمام بنت الجديدي,الزان,NA,نابل,36.3926487,10.3792670999999,11,نابل,nabeul
منبت حمام بنت الجديدي,صنوبر حلبي,21000,نابل,36.3926488,10.3792670999999,11,نابل,nabeul
منبت حمام بنت الجديدي,الكلتوس,20000,نابل,36.3926489,10.3792670999999,11,نابل,nabeul
منبت حمام بنت الجديدي,سرول,NA,نابل,36.392649,10.3792670999999,11,نابل,nabeul
منبت حمام بنت الجديدي,أكاسيا سيكلوبيس,NA,نابل,36.3926491,10.3792670999999,11,نابل,nabeul
منبت حمام بنت الجديدي,قطف,NA,نابل,36.3926492,10.3792670999999,11,نابل,nabeul
منبت حمام بنت الجديدي,أكاسيا سيانوفيلا,80000,نابل,36.3926493,10.3792670999999,11,نابل,nabeul
منبت حمام بنت الجديدي,سرول,242000,نابل,36.3926494,10.3792670999999,11,نابل,nabeul
منبت حمام بنت الجديدي,كازورينا,NA,نابل,36.3926495,10.3792670999999,11,نابل,nabeul
منبت حمام بنت الجديدي,طرفة,14500,نابل,36.3926496,10.3792670999999,11,نابل,nabeul
منبت حمام بنت الجديدي,ليسيوم,NA,نابل,36.3926497,10.3792670999999,11,نابل,nabeul
منبت حمام بنت الجديدي,تويا,NA,نابل,36.3926498,10.3792670999999,11,نابل,nabeul
منبت حمام بنت الجديدي,أكاسيا شوكية,36000,نابل,36.3926499,10.3792670999999,11,نابل,nabeul
منبت حمام بنت الجديدي,زيتون جالي,NA,نابل,36.39265,10.3792670999999,11,نابل,nabeul
منبت حمام بنت الجديدي,خروب,2800,نابل,36.3926501,10.3792670999999,11,نابل,nabeul
منبت حمام بنت الجديدي,كبار,NA,نابل,36.3926502,10.3792670999999,11,نابل,nabeul
منبت حمام بنت الجديدي,فيكيس,NA,نابل,36.3926503,10.3792670999999,11,نابل,nabeul
منبت حمام بنت الجديدي,نخل,NA,نابل,36.3926504,10.3792670999999,11,نابل,nabeul
منبت حمام بنت الجديدي,فلفل اكحل كاذب,200,نابل,36.3926505,10.3792670999999,11,نابل,nabeul
منبت حمام بنت الجديدي,ماكريوم,NA,نابل,36.3926506,10.3792670999999,11,نابل,nabeul
منبت حمام بنت الجديدي,ميليا,NA,نابل,36.3926507,10.3792670999999,11,نابل,nabeul
منبت حمام بنت الجديدي,بطوم,NA,نابل,36.3926508,10.3792670999999,11,نابل,nabeul
منبت حمام بنت الجديدي,ابيسكيس,NA,نابل,36.3926509,10.3792670999999,11,نابل,nabeul
منبت حمام بنت الجديدي,تكوما,NA,نابل,36.392651,10.3792670999999,11,نابل,nabeul
منبت حمام بنت الجديدي,دفلة,450,نابل,36.3926511,10.3792670999999,11,نابل,nabeul
منبت حمام بنت الجديدي,ورد,160,نابل,36.3926512,10.3792670999999,11,نابل,nabeul
منبت حمام بنت الجديدي,ورد نسري,NA,نابل,36.3926513,10.3792670999999,11,نابل,nabeul
منبت حمام بنت الجديدي,حلحال,NA,نابل,36.3926514,10.3792670999999,11,نابل,nabeul
منبت حمام بنت الجديدي,أرنج,NA,نابل,36.3926515,10.3792670999999,11,نابل,nabeul
منبت حمام بنت الجديدي,عرعار,NA,نابل,36.3926516,10.3792670999999,11,نابل,nabeul
منبت حمام بنت الجديدي,أنواع أخرى,NA,نابل,36.3926517,10.3792670999999,11,نابل,nabeul
منبت حمام بنت الجديدي,زعتر,NA,نابل,36.3926518,10.3792670999999,11,نابل,nabeul
منبت حمام بنت الجديدي,بوقنفيلي,300,نابل,36.3926519,10.3792670999999,11,نابل,nabeul
منبت حمام بنت الجديدي,دمبيا,NA,نابل,36.392652,10.3792670999999,11,نابل,nabeul
منبت حمام بنت الجديدي,بتوسبروم,NA,نابل,36.3926521,10.3792670999999,11,نابل,nabeul
منبت حمام بنت الجديدي,ميبروم,600,نابل,36.3926522,10.3792670999999,11,نابل,nabeul
منبت حمام بنت الجديدي,لوسيانا,NA,نابل,36.3926523,10.3792670999999,11,نابل,nabeul
منبت حمام بنت الجديدي,الاكليل,600,نابل,36.3926524,10.3792670999999,11,نابل,nabeul
منبت حمام بنت الجديدي,لنتنا,1200,نابل,36.3926525,10.3792670999999,11,نابل,nabeul
منبت حمام بنت الجديدي,سيتزور أجيريس,NA,نابل,36.3926526,10.3792670999999,11,نابل,nabeul
منبت حمام بنت الجديدي,سينيمول,NA,نابل,36.3926527,10.3792670999999,11,نابل,nabeul
منبت دار شيشو,صموبر ثمزي,2142,نابل,36.9651068,10.9637456,11,نابل,nabeul
منبت دار شيشو,الفلين,294,نابل,36.9651068,10.9637456,11,نابل,nabeul
منبت دار شيشو,الزان,100,نابل,36.9651068,10.9637456,11,نابل,nabeul
منبت دار شيشو,صنوبر حلبي,15134,نابل,36.9651068,10.9637456,11,نابل,nabeul
منبت دار شيشو,الكلتوس,39530,نابل,36.9651068,10.9637456,11,نابل,nabeul
منبت دار شيشو,سرول,63169,نابل,36.9651068,10.9637456,11,نابل,nabeul
منبت دار شيشو,أكاسيا سيكلوبيس,3890,نابل,36.9651068,10.9637456,11,نابل,nabeul
منبت دار شيشو,قطف,100,نابل,36.9651068,10.9637456,11,نابل,nabeul
منبت دار شيشو,أكاسيا سيانوفيلا,10120,نابل,36.9651068,10.9637456,11,نابل,nabeul
منبت دار شيشو,سرول,63169,نابل,36.9651068,10.9637456,11,نابل,nabeul
منبت دار شيشو,كازورينا,80094,نابل,36.9651068,10.9637456,11,نابل,nabeul
منبت دار شيشو,طرفة,NA,نابل,36.9651068,10.9637456,11,نابل,nabeul
منبت دار شيشو,ليسيوم,NA,نابل,36.9651068,10.9637456,11,نابل,nabeul
منبت دار شيشو,تويا,NA,نابل,36.9651068,10.9637456,11,نابل,nabeul
منبت دار شيشو,أكاسيا شوكية,32950,نابل,36.9651068,10.9637456,11,نابل,nabeul
منبت دار شيشو,زيتون جالي,NA,نابل,36.9651068,10.9637456,11,نابل,nabeul
منبت دار شيشو,خروب,13829,نابل,36.9651068,10.9637456,11,نابل,nabeul
منبت دار شيشو,كبار,NA,نابل,36.9651068,10.9637456,11,نابل,nabeul
منبت دار شيشو,فيكيس,150,نابل,36.9651068,10.9637456,11,نابل,nabeul
منبت دار شيشو,نخل,10000,نابل,36.9651068,10.9637456,11,نابل,nabeul
منبت دار شيشو,فلفل اكحل كاذب,500,نابل,36.9651068,10.9637456,11,نابل,nabeul
منبت دار شيشو,ماكريوم,NA,نابل,36.9651068,10.9637456,11,نابل,nabeul
منبت دار شيشو,ميليا,1500,نابل,36.9651068,10.9637456,11,نابل,nabeul
منبت دار شيشو,بطوم,NA,نابل,36.9651068,10.9637456,11,نابل,nabeul
منبت دار شيشو,ابيسكيس,400,نابل,36.9651068,10.9637456,11,نابل,nabeul
منبت دار شيشو,تكوما,50,نابل,36.9651068,10.9637456,11,نابل,nabeul
منبت دار شيشو,دفلة,1800,نابل,36.9651068,10.9637456,11,نابل,nabeul
منبت دار شيشو,ورد,NA,نابل,36.9651068,10.9637456,11,نابل,nabeul
منبت دار شيشو,ورد نسري,1500,نابل,36.9651068,10.9637456,11,نابل,nabeul
منبت دار شيشو,حلحال,200,نابل,36.9651068,10.9637456,11,نابل,nabeul
منبت دار شيشو,أرنج,NA,نابل,36.9651068,10.9637456,11,نابل,nabeul
منبت دار شيشو,عرعار,8000,نابل,36.9651068,10.9637456,11,نابل,nabeul
منبت دار شيشو,أنواع أخرى,NA,نابل,36.9651068,10.9637456,11,نابل,nabeul
منبت دار شيشو,زعتر,NA,نابل,36.9651068,10.9637456,11,نابل,nabeul
منبت دار شيشو,بوقنفيلي,70,نابل,36.9651068,10.9637456,11,نابل,nabeul
منبت دار شيشو,دمبيا,NA,نابل,36.9651068,10.9637456,11,نابل,nabeul
منبت دار شيشو,بتوسبروم,10000,نابل,36.9651068,10.9637456,11,نابل,nabeul
منبت دار شيشو,ميبروم,3000,نابل,36.9651068,10.9637456,11,نابل,nabeul
منبت دار شيشو,لوسيانا,NA,نابل,36.9651068,10.9637456,11,نابل,nabeul
منبت دار شيشو,الاكليل,3500,نابل,36.9651068,10.9637456,11,نابل,nabeul
منبت دار شيشو,لنتنا,27000,نابل,36.9651068,10.9637456,11,نابل,nabeul
منبت دار شيشو,سيتزور أجيريس,1300,نابل,36.9651068,10.9637456,11,نابل,nabeul
منبت دار شيشو,سينيمول,20,نابل,36.9651068,10.9637456,11,نابل,nabeul
منبت الحمامات,صموبر ثمزي,NA,نابل,36.4072574,10.6224706,11,نابل,nabeul
منبت الحمامات,الفلين,NA,نابل,36.4072575,10.6224706,11,نابل,nabeul
منبت الحمامات,الزان,NA,نابل,36.4072576,10.6224706,11,نابل,nabeul
منبت الحمامات,صنوبر حلبي,NA,نابل,36.4072577,10.6224706,11,نابل,nabeul
منبت الحمامات,الكلتوس,NA,نابل,36.407257799999996,10.6224706,11,نابل,nabeul
منبت الحمامات,سرول,NA,نابل,36.4072579,10.6224706,11,نابل,nabeul
منبت الحمامات,أكاسيا سيكلوبيس,NA,نابل,36.407258,10.6224706,11,نابل,nabeul
منبت الحمامات,قطف,2000,نابل,36.4072581,10.6224706,11,نابل,nabeul
منبت الحمامات,أكاسيا سيانوفيلا,NA,نابل,36.4072582,10.6224706,11,نابل,nabeul
منبت الحمامات,سرول,16000,نابل,36.4072583,10.6224706,11,نابل,nabeul
منبت الحمامات,كازورينا,NA,نابل,36.4072584,10.6224706,11,نابل,nabeul
منبت الحمامات,طرفة,NA,نابل,36.4072585,10.6224706,11,نابل,nabeul
منبت الحمامات,ليسيوم,NA,نابل,36.4072586,10.6224706,11,نابل,nabeul
منبت الحمامات,تويا,NA,نابل,36.4072587,10.6224706,11,نابل,nabeul
منبت الحمامات,أكاسيا شوكية,NA,نابل,36.4072588,10.6224706,11,نابل,nabeul
منبت الحمامات,زيتون جالي,3000,نابل,36.4072589,10.6224706,11,نابل,nabeul
منبت الحمامات,خروب,2865,نابل,36.407259,10.6224706,11,نابل,nabeul
منبت الحمامات,كبار,4490,نابل,36.4072591,10.6224706,11,نابل,nabeul
منبت الحمامات,فيكيس,7300,نابل,36.4072592,10.6224706,11,نابل,nabeul
منبت الحمامات,نخل,3950,نابل,36.4072593,10.6224706,11,نابل,nabeul
منبت الحمامات,فلفل اكحل كاذب,3350,نابل,36.4072594,10.6224706,11,نابل,nabeul
منبت الحمامات,ماكريوم,350,نابل,36.4072595,10.6224706,11,نابل,nabeul
منبت الحمامات,ميليا,12200,نابل,36.4072596,10.6224706,11,نابل,nabeul
منبت الحمامات,بطوم,270,نابل,36.4072597,10.6224706,11,نابل,nabeul
منبت الحمامات,ابيسكيس,4180,نابل,36.4072598,10.6224706,11,نابل,nabeul
منبت الحمامات,تكوما,4290,نابل,36.4072599,10.6224706,11,نابل,nabeul
منبت الحمامات,دفلة,27700,نابل,36.40726,10.6224706,11,نابل,nabeul
منبت الحمامات,ورد,NA,نابل,36.4072601,10.6224706,11,نابل,nabeul
منبت الحمامات,ورد نسري,360,نابل,36.4072602,10.6224706,11,نابل,nabeul
منبت الحمامات,حلحال,NA,نابل,36.4072603,10.6224706,11,نابل,nabeul
منبت الحمامات,أرنج,NA,نابل,36.4072604,10.6224706,11,نابل,nabeul
منبت الحمامات,عرعار,4760,نابل,36.4072605,10.6224706,11,نابل,nabeul
منبت الحمامات,أنواع أخرى,5180,نابل,36.4072606,10.6224706,11,نابل,nabeul
منبت الحمامات,زعتر,NA,نابل,36.4072607,10.6224706,11,نابل,nabeul
منبت الحمامات,بوقنفيلي,4680,نابل,36.4072608,10.6224706,11,نابل,nabeul
منبت الحمامات,دمبيا,780,نابل,36.4072609,10.6224706,11,نابل,nabeul
منبت الحمامات,بتوسبروم,690,نابل,36.407261,10.6224706,11,نابل,nabeul
منبت الحمامات,ميبروم,18400,نابل,36.4072611,10.6224706,11,نابل,nabeul
منبت الحمامات,لوسيانا,NA,نابل,36.4072612,10.6224706,11,نابل,nabeul
منبت الحمامات,الاكليل,9100,نابل,36.4072613,10.6224706,11,نابل,nabeul
منبت الحمامات,لنتنا,10600,نابل,36.4072614,10.6224706,11,نابل,nabeul
منبت الحمامات,سيتزور أجيريس,NA,نابل,36.4072615,10.6224706,11,نابل,nabeul
منبت الحمامات,سينيمول,NA,نابل,36.4072616,10.6224706,11,نابل,nabeul
